safe_stem,original_stem,n_classes,model_id,source,accuracy,f1_macro,balanced_accuracy,roc_auc_ovr_macro,error,config_path,weight_path,metrics_path
HRAST,HRAST,2,feature_encoder_2_labels_FeatEnc_CNN__all_data_ckpt,config_scan,0.65,0.6491228070175439,0.6875,,,/home/ubuntu/CAPSTONE/TEMP/Code/thesis/config/feature_encoder/2_labels/FeatEnc_CNN.json,/home/ubuntu/CAPSTONE/TEMP/checkpoints/2-labels/all-data/FeatEnc_CNN.safetensors,D:\CAPSTONE\new\TEMP\output\metrics\2label\HRAST\feature_encoder_2_labels_FeatEnc_CNN__all_data_ckpt\metrics.json
HRAST,HRAST,2,feature_encoder_2_labels_FeatEnc_FFN__all_data_ckpt,config_scan,0.65,0.6491228070175439,0.6875,,,/home/ubuntu/CAPSTONE/TEMP/Code/thesis/config/feature_encoder/2_labels/FeatEnc_FFN.json,/home/ubuntu/CAPSTONE/TEMP/checkpoints/2-labels/all-data/FeatEnc_FFN.safetensors,D:\CAPSTONE\new\TEMP\output\metrics\2label\HRAST\feature_encoder_2_labels_FeatEnc_FFN__all_data_ckpt\metrics.json
HRAST,HRAST,2,feature_encoder_2_labels_FeatEnc_GRU__all_data_ckpt,config_scan,0.6,0.375,0.5,,,/home/ubuntu/CAPSTONE/TEMP/Code/thesis/config/feature_encoder/2_labels/FeatEnc_GRU.json,/home/ubuntu/CAPSTONE/TEMP/checkpoints/2-labels/all-data/FeatEnc_GRU.safetensors,D:\CAPSTONE\new\TEMP\output\metrics\2label\HRAST\feature_encoder_2_labels_FeatEnc_GRU__all_data_ckpt\metrics.json
HRAST,HRAST,2,feature_encoder_2_labels_FeatEnc_LSTM__all_data_ckpt,config_scan,0.6,0.375,0.5,,,/home/ubuntu/CAPSTONE/TEMP/Code/thesis/config/feature_encoder/2_labels/FeatEnc_LSTM.json,/home/ubuntu/CAPSTONE/TEMP/checkpoints/2-labels/all-data/FeatEnc_LSTM.safetensors,D:\CAPSTONE\new\TEMP\output\metrics\2label\HRAST\feature_encoder_2_labels_FeatEnc_LSTM__all_data_ckpt\metrics.json
HRAST,HRAST,2,feature_encoder_2_labels_FeatEnc_RNN__all_data_ckpt,config_scan,0.6,0.375,0.5,,,/home/ubuntu/CAPSTONE/TEMP/Code/thesis/config/feature_encoder/2_labels/FeatEnc_RNN.json,/home/ubuntu/CAPSTONE/TEMP/checkpoints/2-labels/all-data/FeatEnc_RNN.safetensors,D:\CAPSTONE\new\TEMP\output\metrics\2label\HRAST\feature_encoder_2_labels_FeatEnc_RNN__all_data_ckpt\metrics.json
HRAST,HRAST,2,ml_2_labels_E_ML1_LogisticRegression__all_data_ckpt,config_scan,0.6,0.375,0.5,,,/home/ubuntu/CAPSTONE/TEMP/Code/thesis/config/ml/2_labels/E_ML1_LogisticRegression.json,/home/ubuntu/CAPSTONE/TEMP/checkpoints/2-labels/all-data/E_ML1_LogisticRegression.safetensors,D:\CAPSTONE\new\TEMP\output\metrics\2label\HRAST\ml_2_labels_E_ML1_LogisticRegression__all_data_ckpt\metrics.json
HRAST,HRAST,2,ml_2_labels_E_ML2_LinearSVC__all_data_ckpt,config_scan,0.4,0.2857142857142857,0.5,,,/home/ubuntu/CAPSTONE/TEMP/Code/thesis/config/ml/2_labels/E_ML2_LinearSVC.json,/home/ubuntu/CAPSTONE/TEMP/checkpoints/2-labels/all-data/E_ML2_LinearSVC.safetensors,D:\CAPSTONE\new\TEMP\output\metrics\2label\HRAST\ml_2_labels_E_ML2_LinearSVC__all_data_ckpt\metrics.json
HRAST,HRAST,2,ml_2_labels_E_ML3_DecisionTreeClassifier__all_data_ckpt,config_scan,0.6,0.375,0.5,,,/home/ubuntu/CAPSTONE/TEMP/Code/thesis/config/ml/2_labels/E_ML3_DecisionTreeClassifier.json,/home/ubuntu/CAPSTONE/TEMP/checkpoints/2-labels/all-data/E_ML3_DecisionTreeClassifier.safetensors,D:\CAPSTONE\new\TEMP\output\metrics\2label\HRAST\ml_2_labels_E_ML3_DecisionTreeClassifier__all_data_ckpt\metrics.json
HRAST,HRAST,2,mlp_gelu_head_ddp_2_labels_FeatEnc_CNN__all_data_ckpt,config_scan,,,,,load_model: dictionary update sequence element #0 has length 1; 2 is required,/home/ubuntu/CAPSTONE/TEMP/Code/thesis/config/mlp_gelu_head_ddp/2_labels/FeatEnc_CNN.json,/home/ubuntu/CAPSTONE/TEMP/checkpoints/2-labels/all-data/FeatEnc_CNN.safetensors,D:\CAPSTONE\new\TEMP\output\metrics\2label\HRAST\mlp_gelu_head_ddp_2_labels_FeatEnc_CNN__all_data_ckpt\metrics.json
HRAST,HRAST,2,mlp_gelu_head_ddp_2_labels_FeatEnc_FFN__all_data_ckpt,config_scan,,,,,load_model: dictionary update sequence element #0 has length 1; 2 is required,/home/ubuntu/CAPSTONE/TEMP/Code/thesis/config/mlp_gelu_head_ddp/2_labels/FeatEnc_FFN.json,/home/ubuntu/CAPSTONE/TEMP/checkpoints/2-labels/all-data/FeatEnc_FFN.safetensors,D:\CAPSTONE\new\TEMP\output\metrics\2label\HRAST\mlp_gelu_head_ddp_2_labels_FeatEnc_FFN__all_data_ckpt\metrics.json
HRAST,HRAST,2,mlp_gelu_head_ddp_2_labels_FeatEnc_GRU__all_data_ckpt,config_scan,,,,,load_model: dictionary update sequence element #0 has length 1; 2 is required,/home/ubuntu/CAPSTONE/TEMP/Code/thesis/config/mlp_gelu_head_ddp/2_labels/FeatEnc_GRU.json,/home/ubuntu/CAPSTONE/TEMP/checkpoints/2-labels/all-data/FeatEnc_GRU.safetensors,D:\CAPSTONE\new\TEMP\output\metrics\2label\HRAST\mlp_gelu_head_ddp_2_labels_FeatEnc_GRU__all_data_ckpt\metrics.json
HRAST,HRAST,2,mlp_gelu_head_ddp_2_labels_FeatEnc_LSTM__all_data_ckpt,config_scan,,,,,load_model: dictionary update sequence element #0 has length 1; 2 is required,/home/ubuntu/CAPSTONE/TEMP/Code/thesis/config/mlp_gelu_head_ddp/2_labels/FeatEnc_LSTM.json,/home/ubuntu/CAPSTONE/TEMP/checkpoints/2-labels/all-data/FeatEnc_LSTM.safetensors,D:\CAPSTONE\new\TEMP\output\metrics\2label\HRAST\mlp_gelu_head_ddp_2_labels_FeatEnc_LSTM__all_data_ckpt\metrics.json
HRAST,HRAST,2,mlp_gelu_head_ddp_2_labels_FeatEnc_RNN__all_data_ckpt,config_scan,,,,,load_model: dictionary update sequence element #0 has length 1; 2 is required,/home/ubuntu/CAPSTONE/TEMP/Code/thesis/config/mlp_gelu_head_ddp/2_labels/FeatEnc_RNN.json,/home/ubuntu/CAPSTONE/TEMP/checkpoints/2-labels/all-data/FeatEnc_RNN.safetensors,D:\CAPSTONE\new\TEMP\output\metrics\2label\HRAST\mlp_gelu_head_ddp_2_labels_FeatEnc_RNN__all_data_ckpt\metrics.json
HRAST,HRAST,2,transformers_2_labels_B3_E_DL1_DistilBERT_mlp768_1024__all_data_ckpt,config_scan,0.7,0.696969696969697,0.7083333333333333,,,/home/ubuntu/CAPSTONE/TEMP/Code/thesis/config/transformers/2_labels/B3_E_DL1_DistilBERT_mlp768_1024.json,/home/ubuntu/CAPSTONE/TEMP/checkpoints/2-labels/all-data/B3_E_DL1_DistilBERT_mlp768_1024.safetensors,D:\CAPSTONE\new\TEMP\output\metrics\2label\HRAST\transformers_2_labels_B3_E_DL1_DistilBERT_mlp768_1024__all_data_ckpt\metrics.json
HRAST,HRAST,2,transformers_2_labels_B4_E_DL3_BERT_mlp768_1024__all_data_ckpt,config_scan,0.75,0.7442455242966752,0.75,,,/home/ubuntu/CAPSTONE/TEMP/Code/thesis/config/transformers/2_labels/B4_E_DL3_BERT_mlp768_1024.json,/home/ubuntu/CAPSTONE/TEMP/checkpoints/2-labels/all-data/B4_E_DL3_BERT_mlp768_1024.safetensors,D:\CAPSTONE\new\TEMP\output\metrics\2label\HRAST\transformers_2_labels_B4_E_DL3_BERT_mlp768_1024__all_data_ckpt\metrics.json
HRAST,HRAST,2,transformers_2_labels_B5_E_DL2_RoBERTa_mlp768_1024__all_data_ckpt,config_scan,0.8,0.8,0.8333333333333333,,,/home/ubuntu/CAPSTONE/TEMP/Code/thesis/config/transformers/2_labels/B5_E_DL2_RoBERTa_mlp768_1024.json,/home/ubuntu/CAPSTONE/TEMP/checkpoints/2-labels/all-data/B5_E_DL2_RoBERTa_mlp768_1024.safetensors,D:\CAPSTONE\new\TEMP\output\metrics\2label\HRAST\transformers_2_labels_B5_E_DL2_RoBERTa_mlp768_1024__all_data_ckpt\metrics.json
HRAST,HRAST,3,feature_encoder_3_labels_FeatEnc_CNN__all_data_ckpt,config_scan,0.5,0.2222222222222222,0.3333333333333333,0.5854166666666667,,/home/ubuntu/CAPSTONE/TEMP/Code/thesis/config/feature_encoder/3_labels/FeatEnc_CNN.json,/home/ubuntu/CAPSTONE/TEMP/checkpoints/3-labels/all-data/FeatEnc_CNN.safetensors,D:\CAPSTONE\new\TEMP\output\metrics\3label\HRAST\feature_encoder_3_labels_FeatEnc_CNN__all_data_ckpt\metrics.json
HRAST,HRAST,3,feature_encoder_3_labels_FeatEnc_FFN__all_data_ckpt,config_scan,0.5,0.2222222222222222,0.3333333333333333,0.5973958333333333,,/home/ubuntu/CAPSTONE/TEMP/Code/thesis/config/feature_encoder/3_labels/FeatEnc_FFN.json,/home/ubuntu/CAPSTONE/TEMP/checkpoints/3-labels/all-data/FeatEnc_FFN.safetensors,D:\CAPSTONE\new\TEMP\output\metrics\3label\HRAST\feature_encoder_3_labels_FeatEnc_FFN__all_data_ckpt\metrics.json
HRAST,HRAST,3,feature_encoder_3_labels_FeatEnc_GRU__all_data_ckpt,config_scan,0.5,0.2222222222222222,0.3333333333333333,0.6633680555555556,,/home/ubuntu/CAPSTONE/TEMP/Code/thesis/config/feature_encoder/3_labels/FeatEnc_GRU.json,/home/ubuntu/CAPSTONE/TEMP/checkpoints/3-labels/all-data/FeatEnc_GRU.safetensors,D:\CAPSTONE\new\TEMP\output\metrics\3label\HRAST\feature_encoder_3_labels_FeatEnc_GRU__all_data_ckpt\metrics.json
HRAST,HRAST,3,feature_encoder_3_labels_FeatEnc_LSTM__all_data_ckpt,config_scan,0.5,0.2222222222222222,0.3333333333333333,0.5549768518518519,,/home/ubuntu/CAPSTONE/TEMP/Code/thesis/config/feature_encoder/3_labels/FeatEnc_LSTM.json,/home/ubuntu/CAPSTONE/TEMP/checkpoints/3-labels/all-data/FeatEnc_LSTM.safetensors,D:\CAPSTONE\new\TEMP\output\metrics\3label\HRAST\feature_encoder_3_labels_FeatEnc_LSTM__all_data_ckpt\metrics.json
HRAST,HRAST,3,feature_encoder_3_labels_FeatEnc_RNN__all_data_ckpt,config_scan,0.5,0.2222222222222222,0.3333333333333333,0.3894097222222222,,/home/ubuntu/CAPSTONE/TEMP/Code/thesis/config/feature_encoder/3_labels/FeatEnc_RNN.json,/home/ubuntu/CAPSTONE/TEMP/checkpoints/3-labels/all-data/FeatEnc_RNN.safetensors,D:\CAPSTONE\new\TEMP\output\metrics\3label\HRAST\feature_encoder_3_labels_FeatEnc_RNN__all_data_ckpt\metrics.json
HRAST,HRAST,3,ml_3_labels_E_ML1_LogisticRegression__all_data_ckpt,config_scan,,,,,"load_model: Error(s) in loading state_dict for LogisticRegression:
	size mismatch for _weights: copying a param with shape torch.Size([3, 100]) from checkpoint, the shape in current model is torch.Size([2, 100]).
	size mismatch for _bias: copying a param with shape torch.Size([3]) from checkpoint, the shape in current model is torch.Size([2]).",/home/ubuntu/CAPSTONE/TEMP/Code/thesis/config/ml/3_labels/E_ML1_LogisticRegression.json,/home/ubuntu/CAPSTONE/TEMP/checkpoints/3-labels/all-data/E_ML1_LogisticRegression.safetensors,D:\CAPSTONE\new\TEMP\output\metrics\3label\HRAST\ml_3_labels_E_ML1_LogisticRegression__all_data_ckpt\metrics.json
HRAST,HRAST,3,ml_3_labels_E_ML2_LinearSVC__all_data_ckpt,config_scan,0.5,0.28235294117647064,0.34722222222222215,0.5104166666666666,,/home/ubuntu/CAPSTONE/TEMP/Code/thesis/config/ml/3_labels/E_ML2_LinearSVC.json,/home/ubuntu/CAPSTONE/TEMP/checkpoints/3-labels/all-data/E_ML2_LinearSVC.safetensors,D:\CAPSTONE\new\TEMP\output\metrics\3label\HRAST\ml_3_labels_E_ML2_LinearSVC__all_data_ckpt\metrics.json
HRAST,HRAST,3,mlp_gelu_head_ddp_3_labels_FeatEnc_CNN__all_data_ckpt,config_scan,,,,,load_model: dictionary update sequence element #0 has length 1; 2 is required,/home/ubuntu/CAPSTONE/TEMP/Code/thesis/config/mlp_gelu_head_ddp/3_labels/FeatEnc_CNN.json,/home/ubuntu/CAPSTONE/TEMP/checkpoints/3-labels/all-data/FeatEnc_CNN.safetensors,D:\CAPSTONE\new\TEMP\output\metrics\3label\HRAST\mlp_gelu_head_ddp_3_labels_FeatEnc_CNN__all_data_ckpt\metrics.json
HRAST,HRAST,3,mlp_gelu_head_ddp_3_labels_FeatEnc_FFN__all_data_ckpt,config_scan,,,,,load_model: dictionary update sequence element #0 has length 1; 2 is required,/home/ubuntu/CAPSTONE/TEMP/Code/thesis/config/mlp_gelu_head_ddp/3_labels/FeatEnc_FFN.json,/home/ubuntu/CAPSTONE/TEMP/checkpoints/3-labels/all-data/FeatEnc_FFN.safetensors,D:\CAPSTONE\new\TEMP\output\metrics\3label\HRAST\mlp_gelu_head_ddp_3_labels_FeatEnc_FFN__all_data_ckpt\metrics.json
HRAST,HRAST,3,mlp_gelu_head_ddp_3_labels_FeatEnc_GRU__all_data_ckpt,config_scan,,,,,load_model: dictionary update sequence element #0 has length 1; 2 is required,/home/ubuntu/CAPSTONE/TEMP/Code/thesis/config/mlp_gelu_head_ddp/3_labels/FeatEnc_GRU.json,/home/ubuntu/CAPSTONE/TEMP/checkpoints/3-labels/all-data/FeatEnc_GRU.safetensors,D:\CAPSTONE\new\TEMP\output\metrics\3label\HRAST\mlp_gelu_head_ddp_3_labels_FeatEnc_GRU__all_data_ckpt\metrics.json
HRAST,HRAST,3,mlp_gelu_head_ddp_3_labels_FeatEnc_LSTM__all_data_ckpt,config_scan,,,,,load_model: dictionary update sequence element #0 has length 1; 2 is required,/home/ubuntu/CAPSTONE/TEMP/Code/thesis/config/mlp_gelu_head_ddp/3_labels/FeatEnc_LSTM.json,/home/ubuntu/CAPSTONE/TEMP/checkpoints/3-labels/all-data/FeatEnc_LSTM.safetensors,D:\CAPSTONE\new\TEMP\output\metrics\3label\HRAST\mlp_gelu_head_ddp_3_labels_FeatEnc_LSTM__all_data_ckpt\metrics.json
HRAST,HRAST,3,mlp_gelu_head_ddp_3_labels_FeatEnc_RNN__all_data_ckpt,config_scan,,,,,load_model: dictionary update sequence element #0 has length 1; 2 is required,/home/ubuntu/CAPSTONE/TEMP/Code/thesis/config/mlp_gelu_head_ddp/3_labels/FeatEnc_RNN.json,/home/ubuntu/CAPSTONE/TEMP/checkpoints/3-labels/all-data/FeatEnc_RNN.safetensors,D:\CAPSTONE\new\TEMP\output\metrics\3label\HRAST\mlp_gelu_head_ddp_3_labels_FeatEnc_RNN__all_data_ckpt\metrics.json
HRAST,HRAST,3,moe_uniform__experts_all_data_3label,moe_manifest,0.5,0.2222222222222222,0.3333333333333333,0.6012731481481481,,,,D:\CAPSTONE\new\TEMP\output\metrics\3label\HRAST\moe_uniform__experts_all_data_3label\metrics.json
HRAST,HRAST,3,transformers_3_labels_B3_E_DL1_DistilBERT_mlp768_1024__all_data_ckpt,config_scan,0.5833333333333334,0.423859649122807,0.47222222222222215,0.7447337962962962,,/home/ubuntu/CAPSTONE/TEMP/Code/thesis/config/transformers/3_labels/B3_E_DL1_DistilBERT_mlp768_1024.json,/home/ubuntu/CAPSTONE/TEMP/checkpoints/3-labels/all-data/B3_E_DL1_DistilBERT_mlp768_1024.safetensors,D:\CAPSTONE\new\TEMP\output\metrics\3label\HRAST\transformers_3_labels_B3_E_DL1_DistilBERT_mlp768_1024__all_data_ckpt\metrics.json
HRAST,HRAST,3,transformers_3_labels_B4_E_DL3_BERT_mlp768_1024__all_data_ckpt,config_scan,0.625,0.45751633986928103,0.5,0.7575810185185184,,/home/ubuntu/CAPSTONE/TEMP/Code/thesis/config/transformers/3_labels/B4_E_DL3_BERT_mlp768_1024.json,/home/ubuntu/CAPSTONE/TEMP/checkpoints/3-labels/all-data/B4_E_DL3_BERT_mlp768_1024.safetensors,D:\CAPSTONE\new\TEMP\output\metrics\3label\HRAST\transformers_3_labels_B4_E_DL3_BERT_mlp768_1024__all_data_ckpt\metrics.json
HRAST,HRAST,3,transformers_3_labels_B5_E_DL2_RoBERTa_mlp768_1024__all_data_ckpt,config_scan,0.6666666666666666,0.48484848484848486,0.5555555555555555,0.7945601851851851,,/home/ubuntu/CAPSTONE/TEMP/Code/thesis/config/transformers/3_labels/B5_E_DL2_RoBERTa_mlp768_1024.json,/home/ubuntu/CAPSTONE/TEMP/checkpoints/3-labels/all-data/B5_E_DL2_RoBERTa_mlp768_1024.safetensors,D:\CAPSTONE\new\TEMP\output\metrics\3label\HRAST\transformers_3_labels_B5_E_DL2_RoBERTa_mlp768_1024__all_data_ckpt\metrics.json
HRAST,HRAST,2,transformers_2_labels_B3_E_DL1_DistilBERT_mlp768_1024__all_data_ckpt,config_scan,0.889967637540453,0.8890346718240967,0.8915119275754972,,,D:\CAPSTONE\new\TEMP\Code\thesis\config\transformers\2_labels\B3_E_DL1_DistilBERT_mlp768_1024.json,D:\CAPSTONE\new\TEMP\checkpoints\2-labels\all-data\B3_E_DL1_DistilBERT_mlp768_1024.safetensors,D:\CAPSTONE\new\TEMP\output\metrics\2label\HRAST\transformers_2_labels_B3_E_DL1_DistilBERT_mlp768_1024__all_data_ckpt\metrics.json
HRAST,HRAST,2,transformers_2_labels_B4_E_DL3_BERT_mlp768_1024__all_data_ckpt,config_scan,0.9039913700107874,0.902950548927025,0.9043174330460394,,,D:\CAPSTONE\new\TEMP\Code\thesis\config\transformers\2_labels\B4_E_DL3_BERT_mlp768_1024.json,D:\CAPSTONE\new\TEMP\checkpoints\2-labels\all-data\B4_E_DL3_BERT_mlp768_1024.safetensors,D:\CAPSTONE\new\TEMP\output\metrics\2label\HRAST\transformers_2_labels_B4_E_DL3_BERT_mlp768_1024__all_data_ckpt\metrics.json
HRAST,HRAST,2,transformers_2_labels_B5_E_DL2_RoBERTa_mlp768_1024__all_data_ckpt,config_scan,0.9039913700107874,0.902814736284124,0.9035457042792006,,,D:\CAPSTONE\new\TEMP\Code\thesis\config\transformers\2_labels\B5_E_DL2_RoBERTa_mlp768_1024.json,D:\CAPSTONE\new\TEMP\checkpoints\2-labels\all-data\B5_E_DL2_RoBERTa_mlp768_1024.safetensors,D:\CAPSTONE\new\TEMP\output\metrics\2label\HRAST\transformers_2_labels_B5_E_DL2_RoBERTa_mlp768_1024__all_data_ckpt\metrics.json
HRAST,HRAST,2,ml_2_labels_E_ML1_LogisticRegression__all_data_ckpt,config_scan,0.4412081984897519,0.3061377245508982,0.5,,,D:\CAPSTONE\new\TEMP\Code\thesis\config\ml\2_labels\E_ML1_LogisticRegression.json,D:\CAPSTONE\new\TEMP\checkpoints\2-labels\all-data\E_ML1_LogisticRegression.safetensors,D:\CAPSTONE\new\TEMP\output\metrics\2label\HRAST\ml_2_labels_E_ML1_LogisticRegression__all_data_ckpt\metrics.json
HRAST,HRAST,2,ml_2_labels_E_ML2_LinearSVC__all_data_ckpt,config_scan,0.5587918015102481,0.35847750865051903,0.5,,,D:\CAPSTONE\new\TEMP\Code\thesis\config\ml\2_labels\E_ML2_LinearSVC.json,D:\CAPSTONE\new\TEMP\checkpoints\2-labels\all-data\E_ML2_LinearSVC.safetensors,D:\CAPSTONE\new\TEMP\output\metrics\2label\HRAST\ml_2_labels_E_ML2_LinearSVC__all_data_ckpt\metrics.json
HRAST,HRAST,2,ml_2_labels_E_ML3_DecisionTreeClassifier__all_data_ckpt,config_scan,0.4412081984897519,0.3061377245508982,0.5,,,D:\CAPSTONE\new\TEMP\Code\thesis\config\ml\2_labels\E_ML3_DecisionTreeClassifier.json,D:\CAPSTONE\new\TEMP\checkpoints\2-labels\all-data\E_ML3_DecisionTreeClassifier.safetensors,D:\CAPSTONE\new\TEMP\output\metrics\2label\HRAST\ml_2_labels_E_ML3_DecisionTreeClassifier__all_data_ckpt\metrics.json
HRAST,HRAST,2,feature_encoder_2_labels_FeatEnc_CNN__all_data_ckpt,config_scan,0.6256742179072277,0.5650847132216443,0.5899429817522727,,,D:\CAPSTONE\new\TEMP\Code\thesis\config\feature_encoder\2_labels\FeatEnc_CNN.json,D:\CAPSTONE\new\TEMP\checkpoints\2-labels\all-data\FeatEnc_CNN.safetensors,D:\CAPSTONE\new\TEMP\output\metrics\2label\HRAST\feature_encoder_2_labels_FeatEnc_CNN__all_data_ckpt\metrics.json
HRAST,HRAST,2,feature_encoder_2_labels_FeatEnc_FFN__all_data_ckpt,config_scan,0.6213592233009708,0.5633021735775113,0.5865964637358281,,,D:\CAPSTONE\new\TEMP\Code\thesis\config\feature_encoder\2_labels\FeatEnc_FFN.json,D:\CAPSTONE\new\TEMP\checkpoints\2-labels\all-data\FeatEnc_FFN.safetensors,D:\CAPSTONE\new\TEMP\output\metrics\2label\HRAST\feature_encoder_2_labels_FeatEnc_FFN__all_data_ckpt\metrics.json
HRAST,HRAST,2,feature_encoder_2_labels_FeatEnc_GRU__all_data_ckpt,config_scan,0.4412081984897519,0.3061377245508982,0.5,,,D:\CAPSTONE\new\TEMP\Code\thesis\config\feature_encoder\2_labels\FeatEnc_GRU.json,D:\CAPSTONE\new\TEMP\checkpoints\2-labels\all-data\FeatEnc_GRU.safetensors,D:\CAPSTONE\new\TEMP\output\metrics\2label\HRAST\feature_encoder_2_labels_FeatEnc_GRU__all_data_ckpt\metrics.json
HRAST,HRAST,2,feature_encoder_2_labels_FeatEnc_LSTM__all_data_ckpt,config_scan,0.4412081984897519,0.3061377245508982,0.5,,,D:\CAPSTONE\new\TEMP\Code\thesis\config\feature_encoder\2_labels\FeatEnc_LSTM.json,D:\CAPSTONE\new\TEMP\checkpoints\2-labels\all-data\FeatEnc_LSTM.safetensors,D:\CAPSTONE\new\TEMP\output\metrics\2label\HRAST\feature_encoder_2_labels_FeatEnc_LSTM__all_data_ckpt\metrics.json
HRAST,HRAST,2,feature_encoder_2_labels_FeatEnc_RNN__all_data_ckpt,config_scan,0.4412081984897519,0.3061377245508982,0.5,,,D:\CAPSTONE\new\TEMP\Code\thesis\config\feature_encoder\2_labels\FeatEnc_RNN.json,D:\CAPSTONE\new\TEMP\checkpoints\2-labels\all-data\FeatEnc_RNN.safetensors,D:\CAPSTONE\new\TEMP\output\metrics\2label\HRAST\feature_encoder_2_labels_FeatEnc_RNN__all_data_ckpt\metrics.json
HRAST,HRAST,3,transformers_3_labels_B3_E_DL1_DistilBERT_mlp768_1024__all_data_ckpt,config_scan,0.83,0.5736026877263406,0.5965298165787164,0.8646067622330489,,D:\CAPSTONE\new\TEMP\Code\thesis\config\transformers\3_labels\B3_E_DL1_DistilBERT_mlp768_1024.json,D:\CAPSTONE\new\TEMP\checkpoints\3-labels\all-data\B3_E_DL1_DistilBERT_mlp768_1024.safetensors,D:\CAPSTONE\new\TEMP\output\metrics\3label\HRAST\transformers_3_labels_B3_E_DL1_DistilBERT_mlp768_1024__all_data_ckpt\metrics.json
HRAST,HRAST,3,transformers_3_labels_B4_E_DL3_BERT_mlp768_1024__all_data_ckpt,config_scan,0.852,0.5973795409636723,0.6156385118270103,0.873111421196319,,D:\CAPSTONE\new\TEMP\Code\thesis\config\transformers\3_labels\B4_E_DL3_BERT_mlp768_1024.json,D:\CAPSTONE\new\TEMP\checkpoints\3-labels\all-data\B4_E_DL3_BERT_mlp768_1024.safetensors,D:\CAPSTONE\new\TEMP\output\metrics\3label\HRAST\transformers_3_labels_B4_E_DL3_BERT_mlp768_1024__all_data_ckpt\metrics.json
HRAST,HRAST,3,transformers_3_labels_B5_E_DL2_RoBERTa_mlp768_1024__all_data_ckpt,config_scan,0.834,0.5761920987579298,0.6008187719679162,0.8563971832466567,,D:\CAPSTONE\new\TEMP\Code\thesis\config\transformers\3_labels\B5_E_DL2_RoBERTa_mlp768_1024.json,D:\CAPSTONE\new\TEMP\checkpoints\3-labels\all-data\B5_E_DL2_RoBERTa_mlp768_1024.safetensors,D:\CAPSTONE\new\TEMP\output\metrics\3label\HRAST\transformers_3_labels_B5_E_DL2_RoBERTa_mlp768_1024__all_data_ckpt\metrics.json
HRAST,HRAST,3,ml_3_labels_E_ML1_LogisticRegression__all_data_ckpt,config_scan,,,,,"load_model: Error(s) in loading state_dict for LogisticRegression:
	size mismatch for _weights: copying a param with shape torch.Size([3, 100]) from checkpoint, the shape in current model is torch.Size([2, 100]).
	size mismatch for _bias: copying a param with shape torch.Size([3]) from checkpoint, the shape in current model is torch.Size([2]).",D:\CAPSTONE\new\TEMP\Code\thesis\config\ml\3_labels\E_ML1_LogisticRegression.json,D:\CAPSTONE\new\TEMP\checkpoints\3-labels\all-data\E_ML1_LogisticRegression.safetensors,D:\CAPSTONE\new\TEMP\output\metrics\3label\HRAST\ml_3_labels_E_ML1_LogisticRegression__all_data_ckpt\metrics.json
HRAST,HRAST,3,ml_3_labels_E_ML2_LinearSVC__all_data_ckpt,config_scan,0.435,0.2394825186276918,0.34800640668611327,0.5137759119996459,,D:\CAPSTONE\new\TEMP\Code\thesis\config\ml\3_labels\E_ML2_LinearSVC.json,D:\CAPSTONE\new\TEMP\checkpoints\3-labels\all-data\E_ML2_LinearSVC.safetensors,D:\CAPSTONE\new\TEMP\output\metrics\3label\HRAST\ml_3_labels_E_ML2_LinearSVC__all_data_ckpt\metrics.json
HRAST,HRAST,3,feature_encoder_3_labels_FeatEnc_CNN__all_data_ckpt,config_scan,0.409,0.19351786136740004,0.3333333333333333,0.5592927435981414,,D:\CAPSTONE\new\TEMP\Code\thesis\config\feature_encoder\3_labels\FeatEnc_CNN.json,D:\CAPSTONE\new\TEMP\checkpoints\3-labels\all-data\FeatEnc_CNN.safetensors,D:\CAPSTONE\new\TEMP\output\metrics\3label\HRAST\feature_encoder_3_labels_FeatEnc_CNN__all_data_ckpt\metrics.json
HRAST,HRAST,3,feature_encoder_3_labels_FeatEnc_FFN__all_data_ckpt,config_scan,0.417,0.2155243141385644,0.3365948903846214,0.5578234235642587,,D:\CAPSTONE\new\TEMP\Code\thesis\config\feature_encoder\3_labels\FeatEnc_FFN.json,D:\CAPSTONE\new\TEMP\checkpoints\3-labels\all-data\FeatEnc_FFN.safetensors,D:\CAPSTONE\new\TEMP\output\metrics\3label\HRAST\feature_encoder_3_labels_FeatEnc_FFN__all_data_ckpt\metrics.json
HRAST,HRAST,3,feature_encoder_3_labels_FeatEnc_GRU__all_data_ckpt,config_scan,0.409,0.19351786136740004,0.3333333333333333,0.6016265535350802,,D:\CAPSTONE\new\TEMP\Code\thesis\config\feature_encoder\3_labels\FeatEnc_GRU.json,D:\CAPSTONE\new\TEMP\checkpoints\3-labels\all-data\FeatEnc_GRU.safetensors,D:\CAPSTONE\new\TEMP\output\metrics\3label\HRAST\feature_encoder_3_labels_FeatEnc_GRU__all_data_ckpt\metrics.json
HRAST,HRAST,3,feature_encoder_3_labels_FeatEnc_LSTM__all_data_ckpt,config_scan,0.409,0.19351786136740004,0.3333333333333333,0.5485660290840709,,D:\CAPSTONE\new\TEMP\Code\thesis\config\feature_encoder\3_labels\FeatEnc_LSTM.json,D:\CAPSTONE\new\TEMP\checkpoints\3-labels\all-data\FeatEnc_LSTM.safetensors,D:\CAPSTONE\new\TEMP\output\metrics\3label\HRAST\feature_encoder_3_labels_FeatEnc_LSTM__all_data_ckpt\metrics.json
HRAST,HRAST,3,feature_encoder_3_labels_FeatEnc_RNN__all_data_ckpt,config_scan,0.409,0.19351786136740004,0.3333333333333333,0.47195548233980816,,D:\CAPSTONE\new\TEMP\Code\thesis\config\feature_encoder\3_labels\FeatEnc_RNN.json,D:\CAPSTONE\new\TEMP\checkpoints\3-labels\all-data\FeatEnc_RNN.safetensors,D:\CAPSTONE\new\TEMP\output\metrics\3label\HRAST\feature_encoder_3_labels_FeatEnc_RNN__all_data_ckpt\metrics.json
IMDB_Dataset,IMDB_Dataset,2,transformers_2_labels_B3_E_DL1_DistilBERT_mlp768_1024__all_data_ckpt,config_scan,0.893,0.8929819139434565,0.8929775719102877,,,D:\CAPSTONE\new\TEMP\Code\thesis\config\transformers\2_labels\B3_E_DL1_DistilBERT_mlp768_1024.json,D:\CAPSTONE\new\TEMP\checkpoints\2-labels\all-data\B3_E_DL1_DistilBERT_mlp768_1024.safetensors,D:\CAPSTONE\new\TEMP\output\metrics\2label\IMDB_Dataset\transformers_2_labels_B3_E_DL1_DistilBERT_mlp768_1024__all_data_ckpt\metrics.json
IMDB_Dataset,IMDB_Dataset,2,transformers_2_labels_B4_E_DL3_BERT_mlp768_1024__all_data_ckpt,config_scan,0.896,0.895989598959896,0.8960235840943365,,,D:\CAPSTONE\new\TEMP\Code\thesis\config\transformers\2_labels\B4_E_DL3_BERT_mlp768_1024.json,D:\CAPSTONE\new\TEMP\checkpoints\2-labels\all-data\B4_E_DL3_BERT_mlp768_1024.safetensors,D:\CAPSTONE\new\TEMP\output\metrics\2label\IMDB_Dataset\transformers_2_labels_B4_E_DL3_BERT_mlp768_1024__all_data_ckpt\metrics.json
IMDB_Dataset,IMDB_Dataset,2,transformers_2_labels_B5_E_DL2_RoBERTa_mlp768_1024__all_data_ckpt,config_scan,0.931,0.9309999309999311,0.9310017240068961,,,D:\CAPSTONE\new\TEMP\Code\thesis\config\transformers\2_labels\B5_E_DL2_RoBERTa_mlp768_1024.json,D:\CAPSTONE\new\TEMP\checkpoints\2-labels\all-data\B5_E_DL2_RoBERTa_mlp768_1024.safetensors,D:\CAPSTONE\new\TEMP\output\metrics\2label\IMDB_Dataset\transformers_2_labels_B5_E_DL2_RoBERTa_mlp768_1024__all_data_ckpt\metrics.json
IMDB_Dataset,IMDB_Dataset,2,ml_2_labels_E_ML1_LogisticRegression__all_data_ckpt,config_scan,0.501,0.33377748167888077,0.5,,,D:\CAPSTONE\new\TEMP\Code\thesis\config\ml\2_labels\E_ML1_LogisticRegression.json,D:\CAPSTONE\new\TEMP\checkpoints\2-labels\all-data\E_ML1_LogisticRegression.safetensors,D:\CAPSTONE\new\TEMP\output\metrics\2label\IMDB_Dataset\ml_2_labels_E_ML1_LogisticRegression__all_data_ckpt\metrics.json
IMDB_Dataset,IMDB_Dataset,2,ml_2_labels_E_ML2_LinearSVC__all_data_ckpt,config_scan,0.499,0.33288859239492996,0.5,,,D:\CAPSTONE\new\TEMP\Code\thesis\config\ml\2_labels\E_ML2_LinearSVC.json,D:\CAPSTONE\new\TEMP\checkpoints\2-labels\all-data\E_ML2_LinearSVC.safetensors,D:\CAPSTONE\new\TEMP\output\metrics\2label\IMDB_Dataset\ml_2_labels_E_ML2_LinearSVC__all_data_ckpt\metrics.json
IMDB_Dataset,IMDB_Dataset,2,ml_2_labels_E_ML3_DecisionTreeClassifier__all_data_ckpt,config_scan,0.501,0.33377748167888077,0.5,,,D:\CAPSTONE\new\TEMP\Code\thesis\config\ml\2_labels\E_ML3_DecisionTreeClassifier.json,D:\CAPSTONE\new\TEMP\checkpoints\2-labels\all-data\E_ML3_DecisionTreeClassifier.safetensors,D:\CAPSTONE\new\TEMP\output\metrics\2label\IMDB_Dataset\ml_2_labels_E_ML3_DecisionTreeClassifier__all_data_ckpt\metrics.json
IMDB_Dataset,IMDB_Dataset,2,feature_encoder_2_labels_FeatEnc_CNN__all_data_ckpt,config_scan,0.498,0.3393867614159758,0.4989819959279837,,,D:\CAPSTONE\new\TEMP\Code\thesis\config\feature_encoder\2_labels\FeatEnc_CNN.json,D:\CAPSTONE\new\TEMP\checkpoints\2-labels\all-data\FeatEnc_CNN.safetensors,D:\CAPSTONE\new\TEMP\output\metrics\2label\IMDB_Dataset\feature_encoder_2_labels_FeatEnc_CNN__all_data_ckpt\metrics.json
IMDB_Dataset,IMDB_Dataset,2,feature_encoder_2_labels_FeatEnc_FFN__all_data_ckpt,config_scan,0.498,0.3393867614159758,0.4989819959279837,,,D:\CAPSTONE\new\TEMP\Code\thesis\config\feature_encoder\2_labels\FeatEnc_FFN.json,D:\CAPSTONE\new\TEMP\checkpoints\2-labels\all-data\FeatEnc_FFN.safetensors,D:\CAPSTONE\new\TEMP\output\metrics\2label\IMDB_Dataset\feature_encoder_2_labels_FeatEnc_FFN__all_data_ckpt\metrics.json
IMDB_Dataset,IMDB_Dataset,2,feature_encoder_2_labels_FeatEnc_GRU__all_data_ckpt,config_scan,0.501,0.33377748167888077,0.5,,,D:\CAPSTONE\new\TEMP\Code\thesis\config\feature_encoder\2_labels\FeatEnc_GRU.json,D:\CAPSTONE\new\TEMP\checkpoints\2-labels\all-data\FeatEnc_GRU.safetensors,D:\CAPSTONE\new\TEMP\output\metrics\2label\IMDB_Dataset\feature_encoder_2_labels_FeatEnc_GRU__all_data_ckpt\metrics.json
IMDB_Dataset,IMDB_Dataset,2,feature_encoder_2_labels_FeatEnc_LSTM__all_data_ckpt,config_scan,0.501,0.33377748167888077,0.5,,,D:\CAPSTONE\new\TEMP\Code\thesis\config\feature_encoder\2_labels\FeatEnc_LSTM.json,D:\CAPSTONE\new\TEMP\checkpoints\2-labels\all-data\FeatEnc_LSTM.safetensors,D:\CAPSTONE\new\TEMP\output\metrics\2label\IMDB_Dataset\feature_encoder_2_labels_FeatEnc_LSTM__all_data_ckpt\metrics.json
IMDB_Dataset,IMDB_Dataset,2,feature_encoder_2_labels_FeatEnc_RNN__all_data_ckpt,config_scan,0.501,0.33377748167888077,0.5,,,D:\CAPSTONE\new\TEMP\Code\thesis\config\feature_encoder\2_labels\FeatEnc_RNN.json,D:\CAPSTONE\new\TEMP\checkpoints\2-labels\all-data\FeatEnc_RNN.safetensors,D:\CAPSTONE\new\TEMP\output\metrics\2label\IMDB_Dataset\feature_encoder_2_labels_FeatEnc_RNN__all_data_ckpt\metrics.json
IMDB_Dataset,IMDB_Dataset,3,transformers_3_labels_B3_E_DL1_DistilBERT_mlp768_1024__all_data_ckpt,config_scan,0.893,0.8929613590506174,0.8929655718622874,,,D:\CAPSTONE\new\TEMP\Code\thesis\config\transformers\3_labels\B3_E_DL1_DistilBERT_mlp768_1024.json,D:\CAPSTONE\new\TEMP\checkpoints\3-labels\all-data\B3_E_DL1_DistilBERT_mlp768_1024.safetensors,D:\CAPSTONE\new\TEMP\output\metrics\3label\IMDB_Dataset\transformers_3_labels_B3_E_DL1_DistilBERT_mlp768_1024__all_data_ckpt\metrics.json
IMDB_Dataset,IMDB_Dataset,3,transformers_3_labels_B4_E_DL3_BERT_mlp768_1024__all_data_ckpt,config_scan,0.897,0.8969768197844515,0.8970335881343525,,,D:\CAPSTONE\new\TEMP\Code\thesis\config\transformers\3_labels\B4_E_DL3_BERT_mlp768_1024.json,D:\CAPSTONE\new\TEMP\checkpoints\3-labels\all-data\B4_E_DL3_BERT_mlp768_1024.safetensors,D:\CAPSTONE\new\TEMP\output\metrics\3label\IMDB_Dataset\transformers_3_labels_B4_E_DL3_BERT_mlp768_1024__all_data_ckpt\metrics.json
IMDB_Dataset,IMDB_Dataset,3,transformers_3_labels_B5_E_DL2_RoBERTa_mlp768_1024__all_data_ckpt,config_scan,0.928,0.9279166716724534,0.9279357117428471,,,D:\CAPSTONE\new\TEMP\Code\thesis\config\transformers\3_labels\B5_E_DL2_RoBERTa_mlp768_1024.json,D:\CAPSTONE\new\TEMP\checkpoints\3-labels\all-data\B5_E_DL2_RoBERTa_mlp768_1024.safetensors,D:\CAPSTONE\new\TEMP\output\metrics\3label\IMDB_Dataset\transformers_3_labels_B5_E_DL2_RoBERTa_mlp768_1024__all_data_ckpt\metrics.json
IMDB_Dataset,IMDB_Dataset,3,ml_3_labels_E_ML1_LogisticRegression__all_data_ckpt,config_scan,,,,,"load_model: Error(s) in loading state_dict for LogisticRegression:
	size mismatch for _weights: copying a param with shape torch.Size([3, 100]) from checkpoint, the shape in current model is torch.Size([2, 100]).
	size mismatch for _bias: copying a param with shape torch.Size([3]) from checkpoint, the shape in current model is torch.Size([2]).",D:\CAPSTONE\new\TEMP\Code\thesis\config\ml\3_labels\E_ML1_LogisticRegression.json,D:\CAPSTONE\new\TEMP\checkpoints\3-labels\all-data\E_ML1_LogisticRegression.safetensors,D:\CAPSTONE\new\TEMP\output\metrics\3label\IMDB_Dataset\ml_3_labels_E_ML1_LogisticRegression__all_data_ckpt\metrics.json
IMDB_Dataset,IMDB_Dataset,3,ml_3_labels_E_ML2_LinearSVC__all_data_ckpt,config_scan,0.501,0.3373094764744864,0.5000080000320001,,,D:\CAPSTONE\new\TEMP\Code\thesis\config\ml\3_labels\E_ML2_LinearSVC.json,D:\CAPSTONE\new\TEMP\checkpoints\3-labels\all-data\E_ML2_LinearSVC.safetensors,D:\CAPSTONE\new\TEMP\output\metrics\3label\IMDB_Dataset\ml_3_labels_E_ML2_LinearSVC__all_data_ckpt\metrics.json
IMDB_Dataset,IMDB_Dataset,3,feature_encoder_3_labels_FeatEnc_CNN__all_data_ckpt,config_scan,0.501,0.33377748167888077,0.5,,,D:\CAPSTONE\new\TEMP\Code\thesis\config\feature_encoder\3_labels\FeatEnc_CNN.json,D:\CAPSTONE\new\TEMP\checkpoints\3-labels\all-data\FeatEnc_CNN.safetensors,D:\CAPSTONE\new\TEMP\output\metrics\3label\IMDB_Dataset\feature_encoder_3_labels_FeatEnc_CNN__all_data_ckpt\metrics.json
IMDB_Dataset,IMDB_Dataset,3,feature_encoder_3_labels_FeatEnc_FFN__all_data_ckpt,config_scan,0.501,0.3508005708791774,0.5019640078560315,,,D:\CAPSTONE\new\TEMP\Code\thesis\config\feature_encoder\3_labels\FeatEnc_FFN.json,D:\CAPSTONE\new\TEMP\checkpoints\3-labels\all-data\FeatEnc_FFN.safetensors,D:\CAPSTONE\new\TEMP\output\metrics\3label\IMDB_Dataset\feature_encoder_3_labels_FeatEnc_FFN__all_data_ckpt\metrics.json
IMDB_Dataset,IMDB_Dataset,3,feature_encoder_3_labels_FeatEnc_GRU__all_data_ckpt,config_scan,0.501,0.33377748167888077,0.5,,,D:\CAPSTONE\new\TEMP\Code\thesis\config\feature_encoder\3_labels\FeatEnc_GRU.json,D:\CAPSTONE\new\TEMP\checkpoints\3-labels\all-data\FeatEnc_GRU.safetensors,D:\CAPSTONE\new\TEMP\output\metrics\3label\IMDB_Dataset\feature_encoder_3_labels_FeatEnc_GRU__all_data_ckpt\metrics.json
IMDB_Dataset,IMDB_Dataset,3,feature_encoder_3_labels_FeatEnc_LSTM__all_data_ckpt,config_scan,0.501,0.33377748167888077,0.5,,,D:\CAPSTONE\new\TEMP\Code\thesis\config\feature_encoder\3_labels\FeatEnc_LSTM.json,D:\CAPSTONE\new\TEMP\checkpoints\3-labels\all-data\FeatEnc_LSTM.safetensors,D:\CAPSTONE\new\TEMP\output\metrics\3label\IMDB_Dataset\feature_encoder_3_labels_FeatEnc_LSTM__all_data_ckpt\metrics.json
IMDB_Dataset,IMDB_Dataset,3,feature_encoder_3_labels_FeatEnc_RNN__all_data_ckpt,config_scan,0.501,0.33377748167888077,0.5,,,D:\CAPSTONE\new\TEMP\Code\thesis\config\feature_encoder\3_labels\FeatEnc_RNN.json,D:\CAPSTONE\new\TEMP\checkpoints\3-labels\all-data\FeatEnc_RNN.safetensors,D:\CAPSTONE\new\TEMP\output\metrics\3label\IMDB_Dataset\feature_encoder_3_labels_FeatEnc_RNN__all_data_ckpt\metrics.json
MedicalSentimentAnalysis,MedicalSentimentAnalysis,2,transformers_2_labels_B3_E_DL1_DistilBERT_mlp768_1024__all_data_ckpt,config_scan,0.984,0.9839976956681762,0.984,,,D:\CAPSTONE\new\TEMP\Code\thesis\config\transformers\2_labels\B3_E_DL1_DistilBERT_mlp768_1024.json,D:\CAPSTONE\new\TEMP\checkpoints\2-labels\all-data\B3_E_DL1_DistilBERT_mlp768_1024.safetensors,D:\CAPSTONE\new\TEMP\output\metrics\2label\MedicalSentimentAnalysis\transformers_2_labels_B3_E_DL1_DistilBERT_mlp768_1024__all_data_ckpt\metrics.json
MedicalSentimentAnalysis,MedicalSentimentAnalysis,2,transformers_2_labels_B4_E_DL3_BERT_mlp768_1024__all_data_ckpt,config_scan,0.973,0.9729831144465291,0.973,,,D:\CAPSTONE\new\TEMP\Code\thesis\config\transformers\2_labels\B4_E_DL3_BERT_mlp768_1024.json,D:\CAPSTONE\new\TEMP\checkpoints\2-labels\all-data\B4_E_DL3_BERT_mlp768_1024.safetensors,D:\CAPSTONE\new\TEMP\output\metrics\2label\MedicalSentimentAnalysis\transformers_2_labels_B4_E_DL3_BERT_mlp768_1024__all_data_ckpt\metrics.json
MedicalSentimentAnalysis,MedicalSentimentAnalysis,2,transformers_2_labels_B5_E_DL2_RoBERTa_mlp768_1024__all_data_ckpt,config_scan,0.951,0.9508820678448956,0.9510000000000001,,,D:\CAPSTONE\new\TEMP\Code\thesis\config\transformers\2_labels\B5_E_DL2_RoBERTa_mlp768_1024.json,D:\CAPSTONE\new\TEMP\checkpoints\2-labels\all-data\B5_E_DL2_RoBERTa_mlp768_1024.safetensors,D:\CAPSTONE\new\TEMP\output\metrics\2label\MedicalSentimentAnalysis\transformers_2_labels_B5_E_DL2_RoBERTa_mlp768_1024__all_data_ckpt\metrics.json
MedicalSentimentAnalysis,MedicalSentimentAnalysis,2,ml_2_labels_E_ML1_LogisticRegression__all_data_ckpt,config_scan,0.5,0.3333333333333333,0.5,,,D:\CAPSTONE\new\TEMP\Code\thesis\config\ml\2_labels\E_ML1_LogisticRegression.json,D:\CAPSTONE\new\TEMP\checkpoints\2-labels\all-data\E_ML1_LogisticRegression.safetensors,D:\CAPSTONE\new\TEMP\output\metrics\2label\MedicalSentimentAnalysis\ml_2_labels_E_ML1_LogisticRegression__all_data_ckpt\metrics.json
MedicalSentimentAnalysis,MedicalSentimentAnalysis,2,ml_2_labels_E_ML2_LinearSVC__all_data_ckpt,config_scan,0.5,0.3333333333333333,0.5,,,D:\CAPSTONE\new\TEMP\Code\thesis\config\ml\2_labels\E_ML2_LinearSVC.json,D:\CAPSTONE\new\TEMP\checkpoints\2-labels\all-data\E_ML2_LinearSVC.safetensors,D:\CAPSTONE\new\TEMP\output\metrics\2label\MedicalSentimentAnalysis\ml_2_labels_E_ML2_LinearSVC__all_data_ckpt\metrics.json
MedicalSentimentAnalysis,MedicalSentimentAnalysis,2,ml_2_labels_E_ML3_DecisionTreeClassifier__all_data_ckpt,config_scan,0.5,0.3333333333333333,0.5,,,D:\CAPSTONE\new\TEMP\Code\thesis\config\ml\2_labels\E_ML3_DecisionTreeClassifier.json,D:\CAPSTONE\new\TEMP\checkpoints\2-labels\all-data\E_ML3_DecisionTreeClassifier.safetensors,D:\CAPSTONE\new\TEMP\output\metrics\2label\MedicalSentimentAnalysis\ml_2_labels_E_ML3_DecisionTreeClassifier__all_data_ckpt\metrics.json
MedicalSentimentAnalysis,MedicalSentimentAnalysis,2,feature_encoder_2_labels_FeatEnc_CNN__all_data_ckpt,config_scan,0.5,0.3351028462917356,0.5,,,D:\CAPSTONE\new\TEMP\Code\thesis\config\feature_encoder\2_labels\FeatEnc_CNN.json,D:\CAPSTONE\new\TEMP\checkpoints\2-labels\all-data\FeatEnc_CNN.safetensors,D:\CAPSTONE\new\TEMP\output\metrics\2label\MedicalSentimentAnalysis\feature_encoder_2_labels_FeatEnc_CNN__all_data_ckpt\metrics.json
MedicalSentimentAnalysis,MedicalSentimentAnalysis,2,feature_encoder_2_labels_FeatEnc_FFN__all_data_ckpt,config_scan,0.5,0.3351028462917356,0.5,,,D:\CAPSTONE\new\TEMP\Code\thesis\config\feature_encoder\2_labels\FeatEnc_FFN.json,D:\CAPSTONE\new\TEMP\checkpoints\2-labels\all-data\FeatEnc_FFN.safetensors,D:\CAPSTONE\new\TEMP\output\metrics\2label\MedicalSentimentAnalysis\feature_encoder_2_labels_FeatEnc_FFN__all_data_ckpt\metrics.json
MedicalSentimentAnalysis,MedicalSentimentAnalysis,2,feature_encoder_2_labels_FeatEnc_GRU__all_data_ckpt,config_scan,0.5,0.3333333333333333,0.5,,,D:\CAPSTONE\new\TEMP\Code\thesis\config\feature_encoder\2_labels\FeatEnc_GRU.json,D:\CAPSTONE\new\TEMP\checkpoints\2-labels\all-data\FeatEnc_GRU.safetensors,D:\CAPSTONE\new\TEMP\output\metrics\2label\MedicalSentimentAnalysis\feature_encoder_2_labels_FeatEnc_GRU__all_data_ckpt\metrics.json
MedicalSentimentAnalysis,MedicalSentimentAnalysis,2,feature_encoder_2_labels_FeatEnc_LSTM__all_data_ckpt,config_scan,0.5,0.3333333333333333,0.5,,,D:\CAPSTONE\new\TEMP\Code\thesis\config\feature_encoder\2_labels\FeatEnc_LSTM.json,D:\CAPSTONE\new\TEMP\checkpoints\2-labels\all-data\FeatEnc_LSTM.safetensors,D:\CAPSTONE\new\TEMP\output\metrics\2label\MedicalSentimentAnalysis\feature_encoder_2_labels_FeatEnc_LSTM__all_data_ckpt\metrics.json
MedicalSentimentAnalysis,MedicalSentimentAnalysis,2,feature_encoder_2_labels_FeatEnc_RNN__all_data_ckpt,config_scan,0.5,0.3333333333333333,0.5,,,D:\CAPSTONE\new\TEMP\Code\thesis\config\feature_encoder\2_labels\FeatEnc_RNN.json,D:\CAPSTONE\new\TEMP\checkpoints\2-labels\all-data\FeatEnc_RNN.safetensors,D:\CAPSTONE\new\TEMP\output\metrics\2label\MedicalSentimentAnalysis\feature_encoder_2_labels_FeatEnc_RNN__all_data_ckpt\metrics.json
MedicalSentimentAnalysis,MedicalSentimentAnalysis,3,transformers_3_labels_B3_E_DL1_DistilBERT_mlp768_1024__all_data_ckpt,config_scan,0.962,0.961945048650251,0.962,,,D:\CAPSTONE\new\TEMP\Code\thesis\config\transformers\3_labels\B3_E_DL1_DistilBERT_mlp768_1024.json,D:\CAPSTONE\new\TEMP\checkpoints\3-labels\all-data\B3_E_DL1_DistilBERT_mlp768_1024.safetensors,D:\CAPSTONE\new\TEMP\output\metrics\3label\MedicalSentimentAnalysis\transformers_3_labels_B3_E_DL1_DistilBERT_mlp768_1024__all_data_ckpt\metrics.json
MedicalSentimentAnalysis,MedicalSentimentAnalysis,3,transformers_3_labels_B4_E_DL3_BERT_mlp768_1024__all_data_ckpt,config_scan,0.963,0.9629546194087757,0.9630000000000001,,,D:\CAPSTONE\new\TEMP\Code\thesis\config\transformers\3_labels\B4_E_DL3_BERT_mlp768_1024.json,D:\CAPSTONE\new\TEMP\checkpoints\3-labels\all-data\B4_E_DL3_BERT_mlp768_1024.safetensors,D:\CAPSTONE\new\TEMP\output\metrics\3label\MedicalSentimentAnalysis\transformers_3_labels_B4_E_DL3_BERT_mlp768_1024__all_data_ckpt\metrics.json
MedicalSentimentAnalysis,MedicalSentimentAnalysis,3,transformers_3_labels_B5_E_DL2_RoBERTa_mlp768_1024__all_data_ckpt,config_scan,0.941,0.9408076841658548,0.9410000000000001,,,D:\CAPSTONE\new\TEMP\Code\thesis\config\transformers\3_labels\B5_E_DL2_RoBERTa_mlp768_1024.json,D:\CAPSTONE\new\TEMP\checkpoints\3-labels\all-data\B5_E_DL2_RoBERTa_mlp768_1024.safetensors,D:\CAPSTONE\new\TEMP\output\metrics\3label\MedicalSentimentAnalysis\transformers_3_labels_B5_E_DL2_RoBERTa_mlp768_1024__all_data_ckpt\metrics.json
MedicalSentimentAnalysis,MedicalSentimentAnalysis,3,ml_3_labels_E_ML1_LogisticRegression__all_data_ckpt,config_scan,,,,,"load_model: Error(s) in loading state_dict for LogisticRegression:
	size mismatch for _weights: copying a param with shape torch.Size([3, 100]) from checkpoint, the shape in current model is torch.Size([2, 100]).
	size mismatch for _bias: copying a param with shape torch.Size([3]) from checkpoint, the shape in current model is torch.Size([2]).",D:\CAPSTONE\new\TEMP\Code\thesis\config\ml\3_labels\E_ML1_LogisticRegression.json,D:\CAPSTONE\new\TEMP\checkpoints\3-labels\all-data\E_ML1_LogisticRegression.safetensors,D:\CAPSTONE\new\TEMP\output\metrics\3label\MedicalSentimentAnalysis\ml_3_labels_E_ML1_LogisticRegression__all_data_ckpt\metrics.json
MedicalSentimentAnalysis,MedicalSentimentAnalysis,3,ml_3_labels_E_ML2_LinearSVC__all_data_ckpt,config_scan,0.5,0.3333333333333333,0.5,,,D:\CAPSTONE\new\TEMP\Code\thesis\config\ml\3_labels\E_ML2_LinearSVC.json,D:\CAPSTONE\new\TEMP\checkpoints\3-labels\all-data\E_ML2_LinearSVC.safetensors,D:\CAPSTONE\new\TEMP\output\metrics\3label\MedicalSentimentAnalysis\ml_3_labels_E_ML2_LinearSVC__all_data_ckpt\metrics.json
MedicalSentimentAnalysis,MedicalSentimentAnalysis,3,feature_encoder_3_labels_FeatEnc_CNN__all_data_ckpt,config_scan,0.5,0.3333333333333333,0.5,,,D:\CAPSTONE\new\TEMP\Code\thesis\config\feature_encoder\3_labels\FeatEnc_CNN.json,D:\CAPSTONE\new\TEMP\checkpoints\3-labels\all-data\FeatEnc_CNN.safetensors,D:\CAPSTONE\new\TEMP\output\metrics\3label\MedicalSentimentAnalysis\feature_encoder_3_labels_FeatEnc_CNN__all_data_ckpt\metrics.json
MedicalSentimentAnalysis,MedicalSentimentAnalysis,3,feature_encoder_3_labels_FeatEnc_FFN__all_data_ckpt,config_scan,0.487,0.3325865588397154,0.487,,,D:\CAPSTONE\new\TEMP\Code\thesis\config\feature_encoder\3_labels\FeatEnc_FFN.json,D:\CAPSTONE\new\TEMP\checkpoints\3-labels\all-data\FeatEnc_FFN.safetensors,D:\CAPSTONE\new\TEMP\output\metrics\3label\MedicalSentimentAnalysis\feature_encoder_3_labels_FeatEnc_FFN__all_data_ckpt\metrics.json
MedicalSentimentAnalysis,MedicalSentimentAnalysis,3,feature_encoder_3_labels_FeatEnc_GRU__all_data_ckpt,config_scan,0.5,0.3333333333333333,0.5,,,D:\CAPSTONE\new\TEMP\Code\thesis\config\feature_encoder\3_labels\FeatEnc_GRU.json,D:\CAPSTONE\new\TEMP\checkpoints\3-labels\all-data\FeatEnc_GRU.safetensors,D:\CAPSTONE\new\TEMP\output\metrics\3label\MedicalSentimentAnalysis\feature_encoder_3_labels_FeatEnc_GRU__all_data_ckpt\metrics.json
MedicalSentimentAnalysis,MedicalSentimentAnalysis,3,feature_encoder_3_labels_FeatEnc_LSTM__all_data_ckpt,config_scan,0.5,0.3333333333333333,0.5,,,D:\CAPSTONE\new\TEMP\Code\thesis\config\feature_encoder\3_labels\FeatEnc_LSTM.json,D:\CAPSTONE\new\TEMP\checkpoints\3-labels\all-data\FeatEnc_LSTM.safetensors,D:\CAPSTONE\new\TEMP\output\metrics\3label\MedicalSentimentAnalysis\feature_encoder_3_labels_FeatEnc_LSTM__all_data_ckpt\metrics.json
MedicalSentimentAnalysis,MedicalSentimentAnalysis,3,feature_encoder_3_labels_FeatEnc_RNN__all_data_ckpt,config_scan,0.5,0.3333333333333333,0.5,,,D:\CAPSTONE\new\TEMP\Code\thesis\config\feature_encoder\3_labels\FeatEnc_RNN.json,D:\CAPSTONE\new\TEMP\checkpoints\3-labels\all-data\FeatEnc_RNN.safetensors,D:\CAPSTONE\new\TEMP\output\metrics\3label\MedicalSentimentAnalysis\feature_encoder_3_labels_FeatEnc_RNN__all_data_ckpt\metrics.json
PatientStatements,PatientStatements,2,transformers_2_labels_B3_E_DL1_DistilBERT_mlp768_1024__all_data_ckpt,config_scan,0.871,0.8702702702702703,0.8733030225409837,,,D:\CAPSTONE\new\TEMP\Code\thesis\config\transformers\2_labels\B3_E_DL1_DistilBERT_mlp768_1024.json,D:\CAPSTONE\new\TEMP\checkpoints\2-labels\all-data\B3_E_DL1_DistilBERT_mlp768_1024.safetensors,D:\CAPSTONE\new\TEMP\output\metrics\2label\PatientStatements\transformers_2_labels_B3_E_DL1_DistilBERT_mlp768_1024__all_data_ckpt\metrics.json
PatientStatements,PatientStatements,2,transformers_2_labels_B4_E_DL3_BERT_mlp768_1024__all_data_ckpt,config_scan,0.889,0.8887542581562672,0.8906410092213115,,,D:\CAPSTONE\new\TEMP\Code\thesis\config\transformers\2_labels\B4_E_DL3_BERT_mlp768_1024.json,D:\CAPSTONE\new\TEMP\checkpoints\2-labels\all-data\B4_E_DL3_BERT_mlp768_1024.safetensors,D:\CAPSTONE\new\TEMP\output\metrics\2label\PatientStatements\transformers_2_labels_B4_E_DL3_BERT_mlp768_1024__all_data_ckpt\metrics.json
PatientStatements,PatientStatements,2,transformers_2_labels_B5_E_DL2_RoBERTa_mlp768_1024__all_data_ckpt,config_scan,0.834,0.831735837428437,0.8372662653688525,,,D:\CAPSTONE\new\TEMP\Code\thesis\config\transformers\2_labels\B5_E_DL2_RoBERTa_mlp768_1024.json,D:\CAPSTONE\new\TEMP\checkpoints\2-labels\all-data\B5_E_DL2_RoBERTa_mlp768_1024.safetensors,D:\CAPSTONE\new\TEMP\output\metrics\2label\PatientStatements\transformers_2_labels_B5_E_DL2_RoBERTa_mlp768_1024__all_data_ckpt\metrics.json
PatientStatements,PatientStatements,2,ml_2_labels_E_ML1_LogisticRegression__all_data_ckpt,config_scan,0.512,0.3386243386243386,0.5,,,D:\CAPSTONE\new\TEMP\Code\thesis\config\ml\2_labels\E_ML1_LogisticRegression.json,D:\CAPSTONE\new\TEMP\checkpoints\2-labels\all-data\E_ML1_LogisticRegression.safetensors,D:\CAPSTONE\new\TEMP\output\metrics\2label\PatientStatements\ml_2_labels_E_ML1_LogisticRegression__all_data_ckpt\metrics.json
PatientStatements,PatientStatements,2,ml_2_labels_E_ML2_LinearSVC__all_data_ckpt,config_scan,0.488,0.3279569892473118,0.5,,,D:\CAPSTONE\new\TEMP\Code\thesis\config\ml\2_labels\E_ML2_LinearSVC.json,D:\CAPSTONE\new\TEMP\checkpoints\2-labels\all-data\E_ML2_LinearSVC.safetensors,D:\CAPSTONE\new\TEMP\output\metrics\2label\PatientStatements\ml_2_labels_E_ML2_LinearSVC__all_data_ckpt\metrics.json
PatientStatements,PatientStatements,2,ml_2_labels_E_ML3_DecisionTreeClassifier__all_data_ckpt,config_scan,0.512,0.3386243386243386,0.5,,,D:\CAPSTONE\new\TEMP\Code\thesis\config\ml\2_labels\E_ML3_DecisionTreeClassifier.json,D:\CAPSTONE\new\TEMP\checkpoints\2-labels\all-data\E_ML3_DecisionTreeClassifier.safetensors,D:\CAPSTONE\new\TEMP\output\metrics\2label\PatientStatements\ml_2_labels_E_ML3_DecisionTreeClassifier__all_data_ckpt\metrics.json
PatientStatements,PatientStatements,2,feature_encoder_2_labels_FeatEnc_CNN__all_data_ckpt,config_scan,0.488,0.3279569892473118,0.5,,,D:\CAPSTONE\new\TEMP\Code\thesis\config\feature_encoder\2_labels\FeatEnc_CNN.json,D:\CAPSTONE\new\TEMP\checkpoints\2-labels\all-data\FeatEnc_CNN.safetensors,D:\CAPSTONE\new\TEMP\output\metrics\2label\PatientStatements\feature_encoder_2_labels_FeatEnc_CNN__all_data_ckpt\metrics.json
PatientStatements,PatientStatements,2,feature_encoder_2_labels_FeatEnc_FFN__all_data_ckpt,config_scan,0.488,0.3279569892473118,0.5,,,D:\CAPSTONE\new\TEMP\Code\thesis\config\feature_encoder\2_labels\FeatEnc_FFN.json,D:\CAPSTONE\new\TEMP\checkpoints\2-labels\all-data\FeatEnc_FFN.safetensors,D:\CAPSTONE\new\TEMP\output\metrics\2label\PatientStatements\feature_encoder_2_labels_FeatEnc_FFN__all_data_ckpt\metrics.json
PatientStatements,PatientStatements,2,feature_encoder_2_labels_FeatEnc_GRU__all_data_ckpt,config_scan,0.512,0.3386243386243386,0.5,,,D:\CAPSTONE\new\TEMP\Code\thesis\config\feature_encoder\2_labels\FeatEnc_GRU.json,D:\CAPSTONE\new\TEMP\checkpoints\2-labels\all-data\FeatEnc_GRU.safetensors,D:\CAPSTONE\new\TEMP\output\metrics\2label\PatientStatements\feature_encoder_2_labels_FeatEnc_GRU__all_data_ckpt\metrics.json
PatientStatements,PatientStatements,2,feature_encoder_2_labels_FeatEnc_LSTM__all_data_ckpt,config_scan,0.512,0.3386243386243386,0.5,,,D:\CAPSTONE\new\TEMP\Code\thesis\config\feature_encoder\2_labels\FeatEnc_LSTM.json,D:\CAPSTONE\new\TEMP\checkpoints\2-labels\all-data\FeatEnc_LSTM.safetensors,D:\CAPSTONE\new\TEMP\output\metrics\2label\PatientStatements\feature_encoder_2_labels_FeatEnc_LSTM__all_data_ckpt\metrics.json
PatientStatements,PatientStatements,2,feature_encoder_2_labels_FeatEnc_RNN__all_data_ckpt,config_scan,0.512,0.3386243386243386,0.5,,,D:\CAPSTONE\new\TEMP\Code\thesis\config\feature_encoder\2_labels\FeatEnc_RNN.json,D:\CAPSTONE\new\TEMP\checkpoints\2-labels\all-data\FeatEnc_RNN.safetensors,D:\CAPSTONE\new\TEMP\output\metrics\2label\PatientStatements\feature_encoder_2_labels_FeatEnc_RNN__all_data_ckpt\metrics.json
PatientStatements,PatientStatements,3,transformers_3_labels_B3_E_DL1_DistilBERT_mlp768_1024__all_data_ckpt,config_scan,0.866,0.864954205366357,0.8686123206967213,,,D:\CAPSTONE\new\TEMP\Code\thesis\config\transformers\3_labels\B3_E_DL1_DistilBERT_mlp768_1024.json,D:\CAPSTONE\new\TEMP\checkpoints\3-labels\all-data\B3_E_DL1_DistilBERT_mlp768_1024.safetensors,D:\CAPSTONE\new\TEMP\output\metrics\3label\PatientStatements\transformers_3_labels_B3_E_DL1_DistilBERT_mlp768_1024__all_data_ckpt\metrics.json
PatientStatements,PatientStatements,3,transformers_3_labels_B4_E_DL3_BERT_mlp768_1024__all_data_ckpt,config_scan,0.891,0.8906692745555305,0.8928342725409837,,,D:\CAPSTONE\new\TEMP\Code\thesis\config\transformers\3_labels\B4_E_DL3_BERT_mlp768_1024.json,D:\CAPSTONE\new\TEMP\checkpoints\3-labels\all-data\B4_E_DL3_BERT_mlp768_1024.safetensors,D:\CAPSTONE\new\TEMP\output\metrics\3label\PatientStatements\transformers_3_labels_B4_E_DL3_BERT_mlp768_1024__all_data_ckpt\metrics.json
PatientStatements,PatientStatements,3,transformers_3_labels_B5_E_DL2_RoBERTa_mlp768_1024__all_data_ckpt,config_scan,0.847,0.8456651579511192,0.8497214395491803,,,D:\CAPSTONE\new\TEMP\Code\thesis\config\transformers\3_labels\B5_E_DL2_RoBERTa_mlp768_1024.json,D:\CAPSTONE\new\TEMP\checkpoints\3-labels\all-data\B5_E_DL2_RoBERTa_mlp768_1024.safetensors,D:\CAPSTONE\new\TEMP\output\metrics\3label\PatientStatements\transformers_3_labels_B5_E_DL2_RoBERTa_mlp768_1024__all_data_ckpt\metrics.json
PatientStatements,PatientStatements,3,ml_3_labels_E_ML1_LogisticRegression__all_data_ckpt,config_scan,,,,,"load_model: Error(s) in loading state_dict for LogisticRegression:
	size mismatch for _weights: copying a param with shape torch.Size([3, 100]) from checkpoint, the shape in current model is torch.Size([2, 100]).
	size mismatch for _bias: copying a param with shape torch.Size([3]) from checkpoint, the shape in current model is torch.Size([2]).",D:\CAPSTONE\new\TEMP\Code\thesis\config\ml\3_labels\E_ML1_LogisticRegression.json,D:\CAPSTONE\new\TEMP\checkpoints\3-labels\all-data\E_ML1_LogisticRegression.safetensors,D:\CAPSTONE\new\TEMP\output\metrics\3label\PatientStatements\ml_3_labels_E_ML1_LogisticRegression__all_data_ckpt\metrics.json
PatientStatements,PatientStatements,3,ml_3_labels_E_ML2_LinearSVC__all_data_ckpt,config_scan,0.512,0.3386243386243386,0.5,,,D:\CAPSTONE\new\TEMP\Code\thesis\config\ml\3_labels\E_ML2_LinearSVC.json,D:\CAPSTONE\new\TEMP\checkpoints\3-labels\all-data\E_ML2_LinearSVC.safetensors,D:\CAPSTONE\new\TEMP\output\metrics\3label\PatientStatements\ml_3_labels_E_ML2_LinearSVC__all_data_ckpt\metrics.json
PatientStatements,PatientStatements,3,feature_encoder_3_labels_FeatEnc_CNN__all_data_ckpt,config_scan,0.512,0.3386243386243386,0.5,,,D:\CAPSTONE\new\TEMP\Code\thesis\config\feature_encoder\3_labels\FeatEnc_CNN.json,D:\CAPSTONE\new\TEMP\checkpoints\3-labels\all-data\FeatEnc_CNN.safetensors,D:\CAPSTONE\new\TEMP\output\metrics\3label\PatientStatements\feature_encoder_3_labels_FeatEnc_CNN__all_data_ckpt\metrics.json
PatientStatements,PatientStatements,3,feature_encoder_3_labels_FeatEnc_FFN__all_data_ckpt,config_scan,0.486,0.32705248990578734,0.4979508196721312,,,D:\CAPSTONE\new\TEMP\Code\thesis\config\feature_encoder\3_labels\FeatEnc_FFN.json,D:\CAPSTONE\new\TEMP\checkpoints\3-labels\all-data\FeatEnc_FFN.safetensors,D:\CAPSTONE\new\TEMP\output\metrics\3label\PatientStatements\feature_encoder_3_labels_FeatEnc_FFN__all_data_ckpt\metrics.json
PatientStatements,PatientStatements,3,feature_encoder_3_labels_FeatEnc_GRU__all_data_ckpt,config_scan,0.512,0.3386243386243386,0.5,,,D:\CAPSTONE\new\TEMP\Code\thesis\config\feature_encoder\3_labels\FeatEnc_GRU.json,D:\CAPSTONE\new\TEMP\checkpoints\3-labels\all-data\FeatEnc_GRU.safetensors,D:\CAPSTONE\new\TEMP\output\metrics\3label\PatientStatements\feature_encoder_3_labels_FeatEnc_GRU__all_data_ckpt\metrics.json
PatientStatements,PatientStatements,3,feature_encoder_3_labels_FeatEnc_LSTM__all_data_ckpt,config_scan,0.512,0.3386243386243386,0.5,,,D:\CAPSTONE\new\TEMP\Code\thesis\config\feature_encoder\3_labels\FeatEnc_LSTM.json,D:\CAPSTONE\new\TEMP\checkpoints\3-labels\all-data\FeatEnc_LSTM.safetensors,D:\CAPSTONE\new\TEMP\output\metrics\3label\PatientStatements\feature_encoder_3_labels_FeatEnc_LSTM__all_data_ckpt\metrics.json
PatientStatements,PatientStatements,3,feature_encoder_3_labels_FeatEnc_RNN__all_data_ckpt,config_scan,0.512,0.3386243386243386,0.5,,,D:\CAPSTONE\new\TEMP\Code\thesis\config\feature_encoder\3_labels\FeatEnc_RNN.json,D:\CAPSTONE\new\TEMP\checkpoints\3-labels\all-data\FeatEnc_RNN.safetensors,D:\CAPSTONE\new\TEMP\output\metrics\3label\PatientStatements\feature_encoder_3_labels_FeatEnc_RNN__all_data_ckpt\metrics.json
amazon_reviews,amazon_reviews,2,transformers_2_labels_B3_E_DL1_DistilBERT_mlp768_1024__all_data_ckpt,config_scan,0.9,0.8995354519297231,0.9000305766105023,,,D:\CAPSTONE\new\TEMP\Code\thesis\config\transformers\2_labels\B3_E_DL1_DistilBERT_mlp768_1024.json,D:\CAPSTONE\new\TEMP\checkpoints\2-labels\all-data\B3_E_DL1_DistilBERT_mlp768_1024.safetensors,D:\CAPSTONE\new\TEMP\output\metrics\2label\amazon_reviews\transformers_2_labels_B3_E_DL1_DistilBERT_mlp768_1024__all_data_ckpt\metrics.json
amazon_reviews,amazon_reviews,2,transformers_2_labels_B4_E_DL3_BERT_mlp768_1024__all_data_ckpt,config_scan,0.912,0.911248809927224,0.9102656946523118,,,D:\CAPSTONE\new\TEMP\Code\thesis\config\transformers\2_labels\B4_E_DL3_BERT_mlp768_1024.json,D:\CAPSTONE\new\TEMP\checkpoints\2-labels\all-data\B4_E_DL3_BERT_mlp768_1024.safetensors,D:\CAPSTONE\new\TEMP\output\metrics\2label\amazon_reviews\transformers_2_labels_B4_E_DL3_BERT_mlp768_1024__all_data_ckpt\metrics.json
amazon_reviews,amazon_reviews,2,transformers_2_labels_B5_E_DL2_RoBERTa_mlp768_1024__all_data_ckpt,config_scan,0.921,0.9203692447879654,0.9195473052350376,,,D:\CAPSTONE\new\TEMP\Code\thesis\config\transformers\2_labels\B5_E_DL2_RoBERTa_mlp768_1024.json,D:\CAPSTONE\new\TEMP\checkpoints\2-labels\all-data\B5_E_DL2_RoBERTa_mlp768_1024.safetensors,D:\CAPSTONE\new\TEMP\output\metrics\2label\amazon_reviews\transformers_2_labels_B5_E_DL2_RoBERTa_mlp768_1024__all_data_ckpt\metrics.json
amazon_reviews,amazon_reviews,2,ml_2_labels_E_ML1_LogisticRegression__all_data_ckpt,config_scan,0.462,0.31600547195622436,0.5,,,D:\CAPSTONE\new\TEMP\Code\thesis\config\ml\2_labels\E_ML1_LogisticRegression.json,D:\CAPSTONE\new\TEMP\checkpoints\2-labels\all-data\E_ML1_LogisticRegression.safetensors,D:\CAPSTONE\new\TEMP\output\metrics\2label\amazon_reviews\ml_2_labels_E_ML1_LogisticRegression__all_data_ckpt\metrics.json
amazon_reviews,amazon_reviews,2,ml_2_labels_E_ML2_LinearSVC__all_data_ckpt,config_scan,0.538,0.34980494148244473,0.5,,,D:\CAPSTONE\new\TEMP\Code\thesis\config\ml\2_labels\E_ML2_LinearSVC.json,D:\CAPSTONE\new\TEMP\checkpoints\2-labels\all-data\E_ML2_LinearSVC.safetensors,D:\CAPSTONE\new\TEMP\output\metrics\2label\amazon_reviews\ml_2_labels_E_ML2_LinearSVC__all_data_ckpt\metrics.json
amazon_reviews,amazon_reviews,2,ml_2_labels_E_ML3_DecisionTreeClassifier__all_data_ckpt,config_scan,0.462,0.31600547195622436,0.5,,,D:\CAPSTONE\new\TEMP\Code\thesis\config\ml\2_labels\E_ML3_DecisionTreeClassifier.json,D:\CAPSTONE\new\TEMP\checkpoints\2-labels\all-data\E_ML3_DecisionTreeClassifier.safetensors,D:\CAPSTONE\new\TEMP\output\metrics\2label\amazon_reviews\ml_2_labels_E_ML3_DecisionTreeClassifier__all_data_ckpt\metrics.json
amazon_reviews,amazon_reviews,2,feature_encoder_2_labels_FeatEnc_CNN__all_data_ckpt,config_scan,0.545,0.3973310374515712,0.510327652520961,,,D:\CAPSTONE\new\TEMP\Code\thesis\config\feature_encoder\2_labels\FeatEnc_CNN.json,D:\CAPSTONE\new\TEMP\checkpoints\2-labels\all-data\FeatEnc_CNN.safetensors,D:\CAPSTONE\new\TEMP\output\metrics\2label\amazon_reviews\feature_encoder_2_labels_FeatEnc_CNN__all_data_ckpt\metrics.json
amazon_reviews,amazon_reviews,2,feature_encoder_2_labels_FeatEnc_FFN__all_data_ckpt,config_scan,0.546,0.3994423014852559,0.5114099036032121,,,D:\CAPSTONE\new\TEMP\Code\thesis\config\feature_encoder\2_labels\FeatEnc_FFN.json,D:\CAPSTONE\new\TEMP\checkpoints\2-labels\all-data\FeatEnc_FFN.safetensors,D:\CAPSTONE\new\TEMP\output\metrics\2label\amazon_reviews\feature_encoder_2_labels_FeatEnc_FFN__all_data_ckpt\metrics.json
amazon_reviews,amazon_reviews,2,feature_encoder_2_labels_FeatEnc_GRU__all_data_ckpt,config_scan,0.462,0.31600547195622436,0.5,,,D:\CAPSTONE\new\TEMP\Code\thesis\config\feature_encoder\2_labels\FeatEnc_GRU.json,D:\CAPSTONE\new\TEMP\checkpoints\2-labels\all-data\FeatEnc_GRU.safetensors,D:\CAPSTONE\new\TEMP\output\metrics\2label\amazon_reviews\feature_encoder_2_labels_FeatEnc_GRU__all_data_ckpt\metrics.json
amazon_reviews,amazon_reviews,2,feature_encoder_2_labels_FeatEnc_LSTM__all_data_ckpt,config_scan,0.462,0.31600547195622436,0.5,,,D:\CAPSTONE\new\TEMP\Code\thesis\config\feature_encoder\2_labels\FeatEnc_LSTM.json,D:\CAPSTONE\new\TEMP\checkpoints\2-labels\all-data\FeatEnc_LSTM.safetensors,D:\CAPSTONE\new\TEMP\output\metrics\2label\amazon_reviews\feature_encoder_2_labels_FeatEnc_LSTM__all_data_ckpt\metrics.json
amazon_reviews,amazon_reviews,2,feature_encoder_2_labels_FeatEnc_RNN__all_data_ckpt,config_scan,0.462,0.31600547195622436,0.5,,,D:\CAPSTONE\new\TEMP\Code\thesis\config\feature_encoder\2_labels\FeatEnc_RNN.json,D:\CAPSTONE\new\TEMP\checkpoints\2-labels\all-data\FeatEnc_RNN.safetensors,D:\CAPSTONE\new\TEMP\output\metrics\2label\amazon_reviews\feature_encoder_2_labels_FeatEnc_RNN__all_data_ckpt\metrics.json
amazon_reviews,amazon_reviews,3,transformers_3_labels_B3_E_DL1_DistilBERT_mlp768_1024__all_data_ckpt,config_scan,0.898,0.8975804896857529,0.8983247236035341,,,D:\CAPSTONE\new\TEMP\Code\thesis\config\transformers\3_labels\B3_E_DL1_DistilBERT_mlp768_1024.json,D:\CAPSTONE\new\TEMP\checkpoints\3-labels\all-data\B3_E_DL1_DistilBERT_mlp768_1024.safetensors,D:\CAPSTONE\new\TEMP\output\metrics\3label\amazon_reviews\transformers_3_labels_B3_E_DL1_DistilBERT_mlp768_1024__all_data_ckpt\metrics.json
amazon_reviews,amazon_reviews,3,transformers_3_labels_B4_E_DL3_BERT_mlp768_1024__all_data_ckpt,config_scan,0.917,0.6112146203429248,0.9158298331160785,,,D:\CAPSTONE\new\TEMP\Code\thesis\config\transformers\3_labels\B4_E_DL3_BERT_mlp768_1024.json,D:\CAPSTONE\new\TEMP\checkpoints\3-labels\all-data\B4_E_DL3_BERT_mlp768_1024.safetensors,D:\CAPSTONE\new\TEMP\output\metrics\3label\amazon_reviews\transformers_3_labels_B4_E_DL3_BERT_mlp768_1024__all_data_ckpt\metrics.json
amazon_reviews,amazon_reviews,3,transformers_3_labels_B5_E_DL2_RoBERTa_mlp768_1024__all_data_ckpt,config_scan,0.929,0.9287519856620897,0.9298870274706705,,,D:\CAPSTONE\new\TEMP\Code\thesis\config\transformers\3_labels\B5_E_DL2_RoBERTa_mlp768_1024.json,D:\CAPSTONE\new\TEMP\checkpoints\3-labels\all-data\B5_E_DL2_RoBERTa_mlp768_1024.safetensors,D:\CAPSTONE\new\TEMP\output\metrics\3label\amazon_reviews\transformers_3_labels_B5_E_DL2_RoBERTa_mlp768_1024__all_data_ckpt\metrics.json
amazon_reviews,amazon_reviews,3,ml_3_labels_E_ML1_LogisticRegression__all_data_ckpt,config_scan,,,,,"load_model: Error(s) in loading state_dict for LogisticRegression:
	size mismatch for _weights: copying a param with shape torch.Size([3, 100]) from checkpoint, the shape in current model is torch.Size([2, 100]).
	size mismatch for _bias: copying a param with shape torch.Size([3]) from checkpoint, the shape in current model is torch.Size([2]).",D:\CAPSTONE\new\TEMP\Code\thesis\config\ml\3_labels\E_ML1_LogisticRegression.json,D:\CAPSTONE\new\TEMP\checkpoints\3-labels\all-data\E_ML1_LogisticRegression.safetensors,D:\CAPSTONE\new\TEMP\output\metrics\3label\amazon_reviews\ml_3_labels_E_ML1_LogisticRegression__all_data_ckpt\metrics.json
amazon_reviews,amazon_reviews,3,ml_3_labels_E_ML2_LinearSVC__all_data_ckpt,config_scan,0.463,0.3318826352937664,0.49955342055713803,,,D:\CAPSTONE\new\TEMP\Code\thesis\config\ml\3_labels\E_ML2_LinearSVC.json,D:\CAPSTONE\new\TEMP\checkpoints\3-labels\all-data\E_ML2_LinearSVC.safetensors,D:\CAPSTONE\new\TEMP\output\metrics\3label\amazon_reviews\ml_3_labels_E_ML2_LinearSVC__all_data_ckpt\metrics.json
amazon_reviews,amazon_reviews,3,feature_encoder_3_labels_FeatEnc_CNN__all_data_ckpt,config_scan,0.462,0.31600547195622436,0.5,,,D:\CAPSTONE\new\TEMP\Code\thesis\config\feature_encoder\3_labels\FeatEnc_CNN.json,D:\CAPSTONE\new\TEMP\checkpoints\3-labels\all-data\FeatEnc_CNN.safetensors,D:\CAPSTONE\new\TEMP\output\metrics\3label\amazon_reviews\feature_encoder_3_labels_FeatEnc_CNN__all_data_ckpt\metrics.json
amazon_reviews,amazon_reviews,3,feature_encoder_3_labels_FeatEnc_FFN__all_data_ckpt,config_scan,0.553,0.5213881670451661,0.5365672122177698,,,D:\CAPSTONE\new\TEMP\Code\thesis\config\feature_encoder\3_labels\FeatEnc_FFN.json,D:\CAPSTONE\new\TEMP\checkpoints\3-labels\all-data\FeatEnc_FFN.safetensors,D:\CAPSTONE\new\TEMP\output\metrics\3label\amazon_reviews\feature_encoder_3_labels_FeatEnc_FFN__all_data_ckpt\metrics.json
amazon_reviews,amazon_reviews,3,feature_encoder_3_labels_FeatEnc_GRU__all_data_ckpt,config_scan,0.462,0.31600547195622436,0.5,,,D:\CAPSTONE\new\TEMP\Code\thesis\config\feature_encoder\3_labels\FeatEnc_GRU.json,D:\CAPSTONE\new\TEMP\checkpoints\3-labels\all-data\FeatEnc_GRU.safetensors,D:\CAPSTONE\new\TEMP\output\metrics\3label\amazon_reviews\feature_encoder_3_labels_FeatEnc_GRU__all_data_ckpt\metrics.json
amazon_reviews,amazon_reviews,3,feature_encoder_3_labels_FeatEnc_LSTM__all_data_ckpt,config_scan,0.462,0.31600547195622436,0.5,,,D:\CAPSTONE\new\TEMP\Code\thesis\config\feature_encoder\3_labels\FeatEnc_LSTM.json,D:\CAPSTONE\new\TEMP\checkpoints\3-labels\all-data\FeatEnc_LSTM.safetensors,D:\CAPSTONE\new\TEMP\output\metrics\3label\amazon_reviews\feature_encoder_3_labels_FeatEnc_LSTM__all_data_ckpt\metrics.json
amazon_reviews,amazon_reviews,3,feature_encoder_3_labels_FeatEnc_RNN__all_data_ckpt,config_scan,0.462,0.31600547195622436,0.5,,,D:\CAPSTONE\new\TEMP\Code\thesis\config\feature_encoder\3_labels\FeatEnc_RNN.json,D:\CAPSTONE\new\TEMP\checkpoints\3-labels\all-data\FeatEnc_RNN.safetensors,D:\CAPSTONE\new\TEMP\output\metrics\3label\amazon_reviews\feature_encoder_3_labels_FeatEnc_RNN__all_data_ckpt\metrics.json
sentiment_140,sentiment_140,2,transformers_2_labels_B3_E_DL1_DistilBERT_mlp768_1024__all_data_ckpt,config_scan,0.955,0.4884910485933504,0.955,,,D:\CAPSTONE\new\TEMP\Code\thesis\config\transformers\2_labels\B3_E_DL1_DistilBERT_mlp768_1024.json,D:\CAPSTONE\new\TEMP\checkpoints\2-labels\all-data\B3_E_DL1_DistilBERT_mlp768_1024.safetensors,D:\CAPSTONE\new\TEMP\output\metrics\2label\sentiment_140\transformers_2_labels_B3_E_DL1_DistilBERT_mlp768_1024__all_data_ckpt\metrics.json
sentiment_140,sentiment_140,2,transformers_2_labels_B4_E_DL3_BERT_mlp768_1024__all_data_ckpt,config_scan,0.957,0.48901379662749106,0.957,,,D:\CAPSTONE\new\TEMP\Code\thesis\config\transformers\2_labels\B4_E_DL3_BERT_mlp768_1024.json,D:\CAPSTONE\new\TEMP\checkpoints\2-labels\all-data\B4_E_DL3_BERT_mlp768_1024.safetensors,D:\CAPSTONE\new\TEMP\output\metrics\2label\sentiment_140\transformers_2_labels_B4_E_DL3_BERT_mlp768_1024__all_data_ckpt\metrics.json
sentiment_140,sentiment_140,2,transformers_2_labels_B5_E_DL2_RoBERTa_mlp768_1024__all_data_ckpt,config_scan,0.957,0.48901379662749106,0.957,,,D:\CAPSTONE\new\TEMP\Code\thesis\config\transformers\2_labels\B5_E_DL2_RoBERTa_mlp768_1024.json,D:\CAPSTONE\new\TEMP\checkpoints\2-labels\all-data\B5_E_DL2_RoBERTa_mlp768_1024.safetensors,D:\CAPSTONE\new\TEMP\output\metrics\2label\sentiment_140\transformers_2_labels_B5_E_DL2_RoBERTa_mlp768_1024__all_data_ckpt\metrics.json
sentiment_140,sentiment_140,2,ml_2_labels_E_ML1_LogisticRegression__all_data_ckpt,config_scan,0.0,0.0,0.0,,,D:\CAPSTONE\new\TEMP\Code\thesis\config\ml\2_labels\E_ML1_LogisticRegression.json,D:\CAPSTONE\new\TEMP\checkpoints\2-labels\all-data\E_ML1_LogisticRegression.safetensors,D:\CAPSTONE\new\TEMP\output\metrics\2label\sentiment_140\ml_2_labels_E_ML1_LogisticRegression__all_data_ckpt\metrics.json
sentiment_140,sentiment_140,2,ml_2_labels_E_ML2_LinearSVC__all_data_ckpt,config_scan,1.0,1.0,1.0,,,D:\CAPSTONE\new\TEMP\Code\thesis\config\ml\2_labels\E_ML2_LinearSVC.json,D:\CAPSTONE\new\TEMP\checkpoints\2-labels\all-data\E_ML2_LinearSVC.safetensors,D:\CAPSTONE\new\TEMP\output\metrics\2label\sentiment_140\ml_2_labels_E_ML2_LinearSVC__all_data_ckpt\metrics.json
sentiment_140,sentiment_140,2,ml_2_labels_E_ML3_DecisionTreeClassifier__all_data_ckpt,config_scan,0.0,0.0,0.0,,,D:\CAPSTONE\new\TEMP\Code\thesis\config\ml\2_labels\E_ML3_DecisionTreeClassifier.json,D:\CAPSTONE\new\TEMP\checkpoints\2-labels\all-data\E_ML3_DecisionTreeClassifier.safetensors,D:\CAPSTONE\new\TEMP\output\metrics\2label\sentiment_140\ml_2_labels_E_ML3_DecisionTreeClassifier__all_data_ckpt\metrics.json
sentiment_140,sentiment_140,2,feature_encoder_2_labels_FeatEnc_CNN__all_data_ckpt,config_scan,0.917,0.47835159102764735,0.917,,,D:\CAPSTONE\new\TEMP\Code\thesis\config\feature_encoder\2_labels\FeatEnc_CNN.json,D:\CAPSTONE\new\TEMP\checkpoints\2-labels\all-data\FeatEnc_CNN.safetensors,D:\CAPSTONE\new\TEMP\output\metrics\2label\sentiment_140\feature_encoder_2_labels_FeatEnc_CNN__all_data_ckpt\metrics.json
sentiment_140,sentiment_140,2,feature_encoder_2_labels_FeatEnc_FFN__all_data_ckpt,config_scan,0.922,0.4797086368366285,0.922,,,D:\CAPSTONE\new\TEMP\Code\thesis\config\feature_encoder\2_labels\FeatEnc_FFN.json,D:\CAPSTONE\new\TEMP\checkpoints\2-labels\all-data\FeatEnc_FFN.safetensors,D:\CAPSTONE\new\TEMP\output\metrics\2label\sentiment_140\feature_encoder_2_labels_FeatEnc_FFN__all_data_ckpt\metrics.json
sentiment_140,sentiment_140,2,feature_encoder_2_labels_FeatEnc_GRU__all_data_ckpt,config_scan,0.0,0.0,0.0,,,D:\CAPSTONE\new\TEMP\Code\thesis\config\feature_encoder\2_labels\FeatEnc_GRU.json,D:\CAPSTONE\new\TEMP\checkpoints\2-labels\all-data\FeatEnc_GRU.safetensors,D:\CAPSTONE\new\TEMP\output\metrics\2label\sentiment_140\feature_encoder_2_labels_FeatEnc_GRU__all_data_ckpt\metrics.json
sentiment_140,sentiment_140,2,feature_encoder_2_labels_FeatEnc_LSTM__all_data_ckpt,config_scan,0.0,0.0,0.0,,,D:\CAPSTONE\new\TEMP\Code\thesis\config\feature_encoder\2_labels\FeatEnc_LSTM.json,D:\CAPSTONE\new\TEMP\checkpoints\2-labels\all-data\FeatEnc_LSTM.safetensors,D:\CAPSTONE\new\TEMP\output\metrics\2label\sentiment_140\feature_encoder_2_labels_FeatEnc_LSTM__all_data_ckpt\metrics.json
sentiment_140,sentiment_140,2,feature_encoder_2_labels_FeatEnc_RNN__all_data_ckpt,config_scan,0.0,0.0,0.0,,,D:\CAPSTONE\new\TEMP\Code\thesis\config\feature_encoder\2_labels\FeatEnc_RNN.json,D:\CAPSTONE\new\TEMP\checkpoints\2-labels\all-data\FeatEnc_RNN.safetensors,D:\CAPSTONE\new\TEMP\output\metrics\2label\sentiment_140\feature_encoder_2_labels_FeatEnc_RNN__all_data_ckpt\metrics.json
sentiment_140,sentiment_140,3,transformers_3_labels_B3_E_DL1_DistilBERT_mlp768_1024__all_data_ckpt,config_scan,0.956,0.3258350374914792,0.956,,,D:\CAPSTONE\new\TEMP\Code\thesis\config\transformers\3_labels\B3_E_DL1_DistilBERT_mlp768_1024.json,D:\CAPSTONE\new\TEMP\checkpoints\3-labels\all-data\B3_E_DL1_DistilBERT_mlp768_1024.safetensors,D:\CAPSTONE\new\TEMP\output\metrics\3label\sentiment_140\transformers_3_labels_B3_E_DL1_DistilBERT_mlp768_1024__all_data_ckpt\metrics.json
sentiment_140,sentiment_140,3,transformers_3_labels_B4_E_DL3_BERT_mlp768_1024__all_data_ckpt,config_scan,0.958,0.32618318011576436,0.958,,,D:\CAPSTONE\new\TEMP\Code\thesis\config\transformers\3_labels\B4_E_DL3_BERT_mlp768_1024.json,D:\CAPSTONE\new\TEMP\checkpoints\3-labels\all-data\B4_E_DL3_BERT_mlp768_1024.safetensors,D:\CAPSTONE\new\TEMP\output\metrics\3label\sentiment_140\transformers_3_labels_B4_E_DL3_BERT_mlp768_1024__all_data_ckpt\metrics.json
sentiment_140,sentiment_140,3,transformers_3_labels_B5_E_DL2_RoBERTa_mlp768_1024__all_data_ckpt,config_scan,0.934,0.48293691830403307,0.934,,,D:\CAPSTONE\new\TEMP\Code\thesis\config\transformers\3_labels\B5_E_DL2_RoBERTa_mlp768_1024.json,D:\CAPSTONE\new\TEMP\checkpoints\3-labels\all-data\B5_E_DL2_RoBERTa_mlp768_1024.safetensors,D:\CAPSTONE\new\TEMP\output\metrics\3label\sentiment_140\transformers_3_labels_B5_E_DL2_RoBERTa_mlp768_1024__all_data_ckpt\metrics.json
sentiment_140,sentiment_140,3,ml_3_labels_E_ML1_LogisticRegression__all_data_ckpt,config_scan,,,,,"load_model: Error(s) in loading state_dict for LogisticRegression:
	size mismatch for _weights: copying a param with shape torch.Size([3, 100]) from checkpoint, the shape in current model is torch.Size([2, 100]).
	size mismatch for _bias: copying a param with shape torch.Size([3]) from checkpoint, the shape in current model is torch.Size([2]).",D:\CAPSTONE\new\TEMP\Code\thesis\config\ml\3_labels\E_ML1_LogisticRegression.json,D:\CAPSTONE\new\TEMP\checkpoints\3-labels\all-data\E_ML1_LogisticRegression.safetensors,D:\CAPSTONE\new\TEMP\output\metrics\3label\sentiment_140\ml_3_labels_E_ML1_LogisticRegression__all_data_ckpt\metrics.json
sentiment_140,sentiment_140,3,ml_3_labels_E_ML2_LinearSVC__all_data_ckpt,config_scan,0.028,0.027237354085603113,0.028,,,D:\CAPSTONE\new\TEMP\Code\thesis\config\ml\3_labels\E_ML2_LinearSVC.json,D:\CAPSTONE\new\TEMP\checkpoints\3-labels\all-data\E_ML2_LinearSVC.safetensors,D:\CAPSTONE\new\TEMP\output\metrics\3label\sentiment_140\ml_3_labels_E_ML2_LinearSVC__all_data_ckpt\metrics.json
sentiment_140,sentiment_140,3,feature_encoder_3_labels_FeatEnc_CNN__all_data_ckpt,config_scan,0.0,0.0,0.0,,,D:\CAPSTONE\new\TEMP\Code\thesis\config\feature_encoder\3_labels\FeatEnc_CNN.json,D:\CAPSTONE\new\TEMP\checkpoints\3-labels\all-data\FeatEnc_CNN.safetensors,D:\CAPSTONE\new\TEMP\output\metrics\3label\sentiment_140\feature_encoder_3_labels_FeatEnc_CNN__all_data_ckpt\metrics.json
sentiment_140,sentiment_140,3,feature_encoder_3_labels_FeatEnc_FFN__all_data_ckpt,config_scan,0.741,0.42561746122917865,0.741,,,D:\CAPSTONE\new\TEMP\Code\thesis\config\feature_encoder\3_labels\FeatEnc_FFN.json,D:\CAPSTONE\new\TEMP\checkpoints\3-labels\all-data\FeatEnc_FFN.safetensors,D:\CAPSTONE\new\TEMP\output\metrics\3label\sentiment_140\feature_encoder_3_labels_FeatEnc_FFN__all_data_ckpt\metrics.json
sentiment_140,sentiment_140,3,feature_encoder_3_labels_FeatEnc_GRU__all_data_ckpt,config_scan,0.0,0.0,0.0,,,D:\CAPSTONE\new\TEMP\Code\thesis\config\feature_encoder\3_labels\FeatEnc_GRU.json,D:\CAPSTONE\new\TEMP\checkpoints\3-labels\all-data\FeatEnc_GRU.safetensors,D:\CAPSTONE\new\TEMP\output\metrics\3label\sentiment_140\feature_encoder_3_labels_FeatEnc_GRU__all_data_ckpt\metrics.json
sentiment_140,sentiment_140,3,feature_encoder_3_labels_FeatEnc_LSTM__all_data_ckpt,config_scan,0.0,0.0,0.0,,,D:\CAPSTONE\new\TEMP\Code\thesis\config\feature_encoder\3_labels\FeatEnc_LSTM.json,D:\CAPSTONE\new\TEMP\checkpoints\3-labels\all-data\FeatEnc_LSTM.safetensors,D:\CAPSTONE\new\TEMP\output\metrics\3label\sentiment_140\feature_encoder_3_labels_FeatEnc_LSTM__all_data_ckpt\metrics.json
sentiment_140,sentiment_140,3,feature_encoder_3_labels_FeatEnc_RNN__all_data_ckpt,config_scan,0.0,0.0,0.0,,,D:\CAPSTONE\new\TEMP\Code\thesis\config\feature_encoder\3_labels\FeatEnc_RNN.json,D:\CAPSTONE\new\TEMP\checkpoints\3-labels\all-data\FeatEnc_RNN.safetensors,D:\CAPSTONE\new\TEMP\output\metrics\3label\sentiment_140\feature_encoder_3_labels_FeatEnc_RNN__all_data_ckpt\metrics.json
tweet_eval,tweet_eval,2,transformers_2_labels_B3_E_DL1_DistilBERT_mlp768_1024__all_data_ckpt,config_scan,0.5424657534246575,0.5234018264840182,0.5235424274308349,,,D:\CAPSTONE\new\TEMP\Code\thesis\config\transformers\2_labels\B3_E_DL1_DistilBERT_mlp768_1024.json,D:\CAPSTONE\new\TEMP\checkpoints\2-labels\all-data\B3_E_DL1_DistilBERT_mlp768_1024.safetensors,D:\CAPSTONE\new\TEMP\output\metrics\2label\tweet_eval\transformers_2_labels_B3_E_DL1_DistilBERT_mlp768_1024__all_data_ckpt\metrics.json
tweet_eval,tweet_eval,2,transformers_2_labels_B4_E_DL3_BERT_mlp768_1024__all_data_ckpt,config_scan,0.5657534246575342,0.5345539534051116,0.5370659775948505,,,D:\CAPSTONE\new\TEMP\Code\thesis\config\transformers\2_labels\B4_E_DL3_BERT_mlp768_1024.json,D:\CAPSTONE\new\TEMP\checkpoints\2-labels\all-data\B4_E_DL3_BERT_mlp768_1024.safetensors,D:\CAPSTONE\new\TEMP\output\metrics\2label\tweet_eval\transformers_2_labels_B4_E_DL3_BERT_mlp768_1024__all_data_ckpt\metrics.json
tweet_eval,tweet_eval,2,transformers_2_labels_B5_E_DL2_RoBERTa_mlp768_1024__all_data_ckpt,config_scan,0.5205479452054794,0.5121103566272791,0.5131367209259144,,,D:\CAPSTONE\new\TEMP\Code\thesis\config\transformers\2_labels\B5_E_DL2_RoBERTa_mlp768_1024.json,D:\CAPSTONE\new\TEMP\checkpoints\2-labels\all-data\B5_E_DL2_RoBERTa_mlp768_1024.safetensors,D:\CAPSTONE\new\TEMP\output\metrics\2label\tweet_eval\transformers_2_labels_B5_E_DL2_RoBERTa_mlp768_1024__all_data_ckpt\metrics.json
tweet_eval,tweet_eval,2,ml_2_labels_E_ML1_LogisticRegression__all_data_ckpt,config_scan,0.4136986301369863,0.2926356589147287,0.5,,,D:\CAPSTONE\new\TEMP\Code\thesis\config\ml\2_labels\E_ML1_LogisticRegression.json,D:\CAPSTONE\new\TEMP\checkpoints\2-labels\all-data\E_ML1_LogisticRegression.safetensors,D:\CAPSTONE\new\TEMP\output\metrics\2label\tweet_eval\ml_2_labels_E_ML1_LogisticRegression__all_data_ckpt\metrics.json
tweet_eval,tweet_eval,2,ml_2_labels_E_ML2_LinearSVC__all_data_ckpt,config_scan,0.5863013698630137,0.3696027633851468,0.5,,,D:\CAPSTONE\new\TEMP\Code\thesis\config\ml\2_labels\E_ML2_LinearSVC.json,D:\CAPSTONE\new\TEMP\checkpoints\2-labels\all-data\E_ML2_LinearSVC.safetensors,D:\CAPSTONE\new\TEMP\output\metrics\2label\tweet_eval\ml_2_labels_E_ML2_LinearSVC__all_data_ckpt\metrics.json
tweet_eval,tweet_eval,2,ml_2_labels_E_ML3_DecisionTreeClassifier__all_data_ckpt,config_scan,0.4136986301369863,0.2926356589147287,0.5,,,D:\CAPSTONE\new\TEMP\Code\thesis\config\ml\2_labels\E_ML3_DecisionTreeClassifier.json,D:\CAPSTONE\new\TEMP\checkpoints\2-labels\all-data\E_ML3_DecisionTreeClassifier.safetensors,D:\CAPSTONE\new\TEMP\output\metrics\2label\tweet_eval\ml_2_labels_E_ML3_DecisionTreeClassifier__all_data_ckpt\metrics.json
tweet_eval,tweet_eval,2,feature_encoder_2_labels_FeatEnc_CNN__all_data_ckpt,config_scan,0.5424657534246575,0.49583967445245813,0.5050210435105527,,,D:\CAPSTONE\new\TEMP\Code\thesis\config\feature_encoder\2_labels\FeatEnc_CNN.json,D:\CAPSTONE\new\TEMP\checkpoints\2-labels\all-data\FeatEnc_CNN.safetensors,D:\CAPSTONE\new\TEMP\output\metrics\2label\tweet_eval\feature_encoder_2_labels_FeatEnc_CNN__all_data_ckpt\metrics.json
tweet_eval,tweet_eval,2,feature_encoder_2_labels_FeatEnc_FFN__all_data_ckpt,config_scan,0.5356164383561643,0.48686952464879996,0.49723030265519585,,,D:\CAPSTONE\new\TEMP\Code\thesis\config\feature_encoder\2_labels\FeatEnc_FFN.json,D:\CAPSTONE\new\TEMP\checkpoints\2-labels\all-data\FeatEnc_FFN.safetensors,D:\CAPSTONE\new\TEMP\output\metrics\2label\tweet_eval\feature_encoder_2_labels_FeatEnc_FFN__all_data_ckpt\metrics.json
tweet_eval,tweet_eval,2,feature_encoder_2_labels_FeatEnc_GRU__all_data_ckpt,config_scan,0.4136986301369863,0.2926356589147287,0.5,,,D:\CAPSTONE\new\TEMP\Code\thesis\config\feature_encoder\2_labels\FeatEnc_GRU.json,D:\CAPSTONE\new\TEMP\checkpoints\2-labels\all-data\FeatEnc_GRU.safetensors,D:\CAPSTONE\new\TEMP\output\metrics\2label\tweet_eval\feature_encoder_2_labels_FeatEnc_GRU__all_data_ckpt\metrics.json
tweet_eval,tweet_eval,2,feature_encoder_2_labels_FeatEnc_LSTM__all_data_ckpt,config_scan,0.4136986301369863,0.2926356589147287,0.5,,,D:\CAPSTONE\new\TEMP\Code\thesis\config\feature_encoder\2_labels\FeatEnc_LSTM.json,D:\CAPSTONE\new\TEMP\checkpoints\2-labels\all-data\FeatEnc_LSTM.safetensors,D:\CAPSTONE\new\TEMP\output\metrics\2label\tweet_eval\feature_encoder_2_labels_FeatEnc_LSTM__all_data_ckpt\metrics.json
tweet_eval,tweet_eval,2,feature_encoder_2_labels_FeatEnc_RNN__all_data_ckpt,config_scan,0.4136986301369863,0.2926356589147287,0.5,,,D:\CAPSTONE\new\TEMP\Code\thesis\config\feature_encoder\2_labels\FeatEnc_RNN.json,D:\CAPSTONE\new\TEMP\checkpoints\2-labels\all-data\FeatEnc_RNN.safetensors,D:\CAPSTONE\new\TEMP\output\metrics\2label\tweet_eval\feature_encoder_2_labels_FeatEnc_RNN__all_data_ckpt\metrics.json
tweet_eval,tweet_eval,3,transformers_3_labels_B3_E_DL1_DistilBERT_mlp768_1024__all_data_ckpt,config_scan,0.369,0.31425800449954144,0.3329586151933535,0.524316211856696,,D:\CAPSTONE\new\TEMP\Code\thesis\config\transformers\3_labels\B3_E_DL1_DistilBERT_mlp768_1024.json,D:\CAPSTONE\new\TEMP\checkpoints\3-labels\all-data\B3_E_DL1_DistilBERT_mlp768_1024.safetensors,D:\CAPSTONE\new\TEMP\output\metrics\3label\tweet_eval\transformers_3_labels_B3_E_DL1_DistilBERT_mlp768_1024__all_data_ckpt\metrics.json
tweet_eval,tweet_eval,3,transformers_3_labels_B4_E_DL3_BERT_mlp768_1024__all_data_ckpt,config_scan,0.396,0.3648455683284923,0.3715542397630656,0.5461153731884288,,D:\CAPSTONE\new\TEMP\Code\thesis\config\transformers\3_labels\B4_E_DL3_BERT_mlp768_1024.json,D:\CAPSTONE\new\TEMP\checkpoints\3-labels\all-data\B4_E_DL3_BERT_mlp768_1024.safetensors,D:\CAPSTONE\new\TEMP\output\metrics\3label\tweet_eval\transformers_3_labels_B4_E_DL3_BERT_mlp768_1024__all_data_ckpt\metrics.json
tweet_eval,tweet_eval,3,transformers_3_labels_B5_E_DL2_RoBERTa_mlp768_1024__all_data_ckpt,config_scan,0.371,0.33564933986693285,0.3549956560509262,0.5370290296172288,,D:\CAPSTONE\new\TEMP\Code\thesis\config\transformers\3_labels\B5_E_DL2_RoBERTa_mlp768_1024.json,D:\CAPSTONE\new\TEMP\checkpoints\3-labels\all-data\B5_E_DL2_RoBERTa_mlp768_1024.safetensors,D:\CAPSTONE\new\TEMP\output\metrics\3label\tweet_eval\transformers_3_labels_B5_E_DL2_RoBERTa_mlp768_1024__all_data_ckpt\metrics.json
tweet_eval,tweet_eval,3,ml_3_labels_E_ML1_LogisticRegression__all_data_ckpt,config_scan,,,,,"load_model: Error(s) in loading state_dict for LogisticRegression:
	size mismatch for _weights: copying a param with shape torch.Size([3, 100]) from checkpoint, the shape in current model is torch.Size([2, 100]).
	size mismatch for _bias: copying a param with shape torch.Size([3]) from checkpoint, the shape in current model is torch.Size([2]).",D:\CAPSTONE\new\TEMP\Code\thesis\config\ml\3_labels\E_ML1_LogisticRegression.json,D:\CAPSTONE\new\TEMP\checkpoints\3-labels\all-data\E_ML1_LogisticRegression.safetensors,D:\CAPSTONE\new\TEMP\output\metrics\3label\tweet_eval\ml_3_labels_E_ML1_LogisticRegression__all_data_ckpt\metrics.json
tweet_eval,tweet_eval,3,ml_3_labels_E_ML2_LinearSVC__all_data_ckpt,config_scan,0.303,0.1668208747048182,0.3315126570526707,0.4984342761756297,,D:\CAPSTONE\new\TEMP\Code\thesis\config\ml\3_labels\E_ML2_LinearSVC.json,D:\CAPSTONE\new\TEMP\checkpoints\3-labels\all-data\E_ML2_LinearSVC.safetensors,D:\CAPSTONE\new\TEMP\output\metrics\3label\tweet_eval\ml_3_labels_E_ML2_LinearSVC__all_data_ckpt\metrics.json
tweet_eval,tweet_eval,3,feature_encoder_3_labels_FeatEnc_CNN__all_data_ckpt,config_scan,0.302,0.15463389656938045,0.3333333333333333,0.525262845626063,,D:\CAPSTONE\new\TEMP\Code\thesis\config\feature_encoder\3_labels\FeatEnc_CNN.json,D:\CAPSTONE\new\TEMP\checkpoints\3-labels\all-data\FeatEnc_CNN.safetensors,D:\CAPSTONE\new\TEMP\output\metrics\3label\tweet_eval\feature_encoder_3_labels_FeatEnc_CNN__all_data_ckpt\metrics.json
tweet_eval,tweet_eval,3,feature_encoder_3_labels_FeatEnc_FFN__all_data_ckpt,config_scan,0.35,0.26614427207073604,0.3434218398630109,0.5215682279195858,,D:\CAPSTONE\new\TEMP\Code\thesis\config\feature_encoder\3_labels\FeatEnc_FFN.json,D:\CAPSTONE\new\TEMP\checkpoints\3-labels\all-data\FeatEnc_FFN.safetensors,D:\CAPSTONE\new\TEMP\output\metrics\3label\tweet_eval\feature_encoder_3_labels_FeatEnc_FFN__all_data_ckpt\metrics.json
tweet_eval,tweet_eval,3,feature_encoder_3_labels_FeatEnc_GRU__all_data_ckpt,config_scan,0.302,0.15463389656938045,0.3333333333333333,0.4548075243542465,,D:\CAPSTONE\new\TEMP\Code\thesis\config\feature_encoder\3_labels\FeatEnc_GRU.json,D:\CAPSTONE\new\TEMP\checkpoints\3-labels\all-data\FeatEnc_GRU.safetensors,D:\CAPSTONE\new\TEMP\output\metrics\3label\tweet_eval\feature_encoder_3_labels_FeatEnc_GRU__all_data_ckpt\metrics.json
tweet_eval,tweet_eval,3,feature_encoder_3_labels_FeatEnc_LSTM__all_data_ckpt,config_scan,0.302,0.15463389656938045,0.3333333333333333,0.4852723665954586,,D:\CAPSTONE\new\TEMP\Code\thesis\config\feature_encoder\3_labels\FeatEnc_LSTM.json,D:\CAPSTONE\new\TEMP\checkpoints\3-labels\all-data\FeatEnc_LSTM.safetensors,D:\CAPSTONE\new\TEMP\output\metrics\3label\tweet_eval\feature_encoder_3_labels_FeatEnc_LSTM__all_data_ckpt\metrics.json
tweet_eval,tweet_eval,3,feature_encoder_3_labels_FeatEnc_RNN__all_data_ckpt,config_scan,0.302,0.15463389656938045,0.3333333333333333,0.48315430026456435,,D:\CAPSTONE\new\TEMP\Code\thesis\config\feature_encoder\3_labels\FeatEnc_RNN.json,D:\CAPSTONE\new\TEMP\checkpoints\3-labels\all-data\FeatEnc_RNN.safetensors,D:\CAPSTONE\new\TEMP\output\metrics\3label\tweet_eval\feature_encoder_3_labels_FeatEnc_RNN__all_data_ckpt\metrics.json
yelp_business,yelp_business,2,transformers_2_labels_B3_E_DL1_DistilBERT_mlp768_1024__all_data_ckpt,config_scan,0.7931034482758621,0.7913583940811664,0.7967726258189934,,,D:\CAPSTONE\new\TEMP\Code\thesis\config\transformers\2_labels\B3_E_DL1_DistilBERT_mlp768_1024.json,D:\CAPSTONE\new\TEMP\checkpoints\2-labels\all-data\B3_E_DL1_DistilBERT_mlp768_1024.safetensors,D:\CAPSTONE\new\TEMP\output\metrics\2label\yelp_business\transformers_2_labels_B3_E_DL1_DistilBERT_mlp768_1024__all_data_ckpt\metrics.json
yelp_business,yelp_business,2,transformers_2_labels_B4_E_DL3_BERT_mlp768_1024__all_data_ckpt,config_scan,0.782608695652174,0.7767557273933867,0.7884881920944633,,,D:\CAPSTONE\new\TEMP\Code\thesis\config\transformers\2_labels\B4_E_DL3_BERT_mlp768_1024.json,D:\CAPSTONE\new\TEMP\checkpoints\2-labels\all-data\B4_E_DL3_BERT_mlp768_1024.safetensors,D:\CAPSTONE\new\TEMP\output\metrics\2label\yelp_business\transformers_2_labels_B4_E_DL3_BERT_mlp768_1024__all_data_ckpt\metrics.json
yelp_business,yelp_business,2,transformers_2_labels_B5_E_DL2_RoBERTa_mlp768_1024__all_data_ckpt,config_scan,0.7631184407796102,0.7580003674106732,0.7684588523291813,,,D:\CAPSTONE\new\TEMP\Code\thesis\config\transformers\2_labels\B5_E_DL2_RoBERTa_mlp768_1024.json,D:\CAPSTONE\new\TEMP\checkpoints\2-labels\all-data\B5_E_DL2_RoBERTa_mlp768_1024.safetensors,D:\CAPSTONE\new\TEMP\output\metrics\2label\yelp_business\transformers_2_labels_B5_E_DL2_RoBERTa_mlp768_1024__all_data_ckpt\metrics.json
yelp_business,yelp_business,2,ml_2_labels_E_ML1_LogisticRegression__all_data_ckpt,config_scan,0.5157421289355323,0.34025717111770526,0.5,,,D:\CAPSTONE\new\TEMP\Code\thesis\config\ml\2_labels\E_ML1_LogisticRegression.json,D:\CAPSTONE\new\TEMP\checkpoints\2-labels\all-data\E_ML1_LogisticRegression.safetensors,D:\CAPSTONE\new\TEMP\output\metrics\2label\yelp_business\ml_2_labels_E_ML1_LogisticRegression__all_data_ckpt\metrics.json
yelp_business,yelp_business,2,ml_2_labels_E_ML2_LinearSVC__all_data_ckpt,config_scan,0.48425787106446777,0.32626262626262625,0.5,,,D:\CAPSTONE\new\TEMP\Code\thesis\config\ml\2_labels\E_ML2_LinearSVC.json,D:\CAPSTONE\new\TEMP\checkpoints\2-labels\all-data\E_ML2_LinearSVC.safetensors,D:\CAPSTONE\new\TEMP\output\metrics\2label\yelp_business\ml_2_labels_E_ML2_LinearSVC__all_data_ckpt\metrics.json
yelp_business,yelp_business,2,ml_2_labels_E_ML3_DecisionTreeClassifier__all_data_ckpt,config_scan,0.5157421289355323,0.34025717111770526,0.5,,,D:\CAPSTONE\new\TEMP\Code\thesis\config\ml\2_labels\E_ML3_DecisionTreeClassifier.json,D:\CAPSTONE\new\TEMP\checkpoints\2-labels\all-data\E_ML3_DecisionTreeClassifier.safetensors,D:\CAPSTONE\new\TEMP\output\metrics\2label\yelp_business\ml_2_labels_E_ML3_DecisionTreeClassifier__all_data_ckpt\metrics.json
yelp_business,yelp_business,2,feature_encoder_2_labels_FeatEnc_CNN__all_data_ckpt,config_scan,0.5337331334332833,0.3801652398667324,0.5185758513931888,,,D:\CAPSTONE\new\TEMP\Code\thesis\config\feature_encoder\2_labels\FeatEnc_CNN.json,D:\CAPSTONE\new\TEMP\checkpoints\2-labels\all-data\FeatEnc_CNN.safetensors,D:\CAPSTONE\new\TEMP\output\metrics\2label\yelp_business\feature_encoder_2_labels_FeatEnc_CNN__all_data_ckpt\metrics.json
yelp_business,yelp_business,2,feature_encoder_2_labels_FeatEnc_FFN__all_data_ckpt,config_scan,0.5322338830584707,0.3769341317365269,0.5170278637770898,,,D:\CAPSTONE\new\TEMP\Code\thesis\config\feature_encoder\2_labels\FeatEnc_FFN.json,D:\CAPSTONE\new\TEMP\checkpoints\2-labels\all-data\FeatEnc_FFN.safetensors,D:\CAPSTONE\new\TEMP\output\metrics\2label\yelp_business\feature_encoder_2_labels_FeatEnc_FFN__all_data_ckpt\metrics.json
yelp_business,yelp_business,2,feature_encoder_2_labels_FeatEnc_GRU__all_data_ckpt,config_scan,0.5157421289355323,0.34025717111770526,0.5,,,D:\CAPSTONE\new\TEMP\Code\thesis\config\feature_encoder\2_labels\FeatEnc_GRU.json,D:\CAPSTONE\new\TEMP\checkpoints\2-labels\all-data\FeatEnc_GRU.safetensors,D:\CAPSTONE\new\TEMP\output\metrics\2label\yelp_business\feature_encoder_2_labels_FeatEnc_GRU__all_data_ckpt\metrics.json
yelp_business,yelp_business,2,feature_encoder_2_labels_FeatEnc_LSTM__all_data_ckpt,config_scan,0.5157421289355323,0.34025717111770526,0.5,,,D:\CAPSTONE\new\TEMP\Code\thesis\config\feature_encoder\2_labels\FeatEnc_LSTM.json,D:\CAPSTONE\new\TEMP\checkpoints\2-labels\all-data\FeatEnc_LSTM.safetensors,D:\CAPSTONE\new\TEMP\output\metrics\2label\yelp_business\feature_encoder_2_labels_FeatEnc_LSTM__all_data_ckpt\metrics.json
yelp_business,yelp_business,2,feature_encoder_2_labels_FeatEnc_RNN__all_data_ckpt,config_scan,0.5157421289355323,0.34025717111770526,0.5,,,D:\CAPSTONE\new\TEMP\Code\thesis\config\feature_encoder\2_labels\FeatEnc_RNN.json,D:\CAPSTONE\new\TEMP\checkpoints\2-labels\all-data\FeatEnc_RNN.safetensors,D:\CAPSTONE\new\TEMP\output\metrics\2label\yelp_business\feature_encoder_2_labels_FeatEnc_RNN__all_data_ckpt\metrics.json
yelp_business,yelp_business,3,transformers_3_labels_B3_E_DL1_DistilBERT_mlp768_1024__all_data_ckpt,config_scan,0.582,0.5829587653533835,0.5824267099556897,0.7649812574527708,,D:\CAPSTONE\new\TEMP\Code\thesis\config\transformers\3_labels\B3_E_DL1_DistilBERT_mlp768_1024.json,D:\CAPSTONE\new\TEMP\checkpoints\3-labels\all-data\B3_E_DL1_DistilBERT_mlp768_1024.safetensors,D:\CAPSTONE\new\TEMP\output\metrics\3label\yelp_business\transformers_3_labels_B3_E_DL1_DistilBERT_mlp768_1024__all_data_ckpt\metrics.json
yelp_business,yelp_business,3,transformers_3_labels_B4_E_DL3_BERT_mlp768_1024__all_data_ckpt,config_scan,0.585,0.591450872730472,0.586777134611752,0.7739311576666191,,D:\CAPSTONE\new\TEMP\Code\thesis\config\transformers\3_labels\B4_E_DL3_BERT_mlp768_1024.json,D:\CAPSTONE\new\TEMP\checkpoints\3-labels\all-data\B4_E_DL3_BERT_mlp768_1024.safetensors,D:\CAPSTONE\new\TEMP\output\metrics\3label\yelp_business\transformers_3_labels_B4_E_DL3_BERT_mlp768_1024__all_data_ckpt\metrics.json
yelp_business,yelp_business,3,transformers_3_labels_B5_E_DL2_RoBERTa_mlp768_1024__all_data_ckpt,config_scan,0.564,0.563593458401612,0.5656067003716223,0.7530034774091053,,D:\CAPSTONE\new\TEMP\Code\thesis\config\transformers\3_labels\B5_E_DL2_RoBERTa_mlp768_1024.json,D:\CAPSTONE\new\TEMP\checkpoints\3-labels\all-data\B5_E_DL2_RoBERTa_mlp768_1024.safetensors,D:\CAPSTONE\new\TEMP\output\metrics\3label\yelp_business\transformers_3_labels_B5_E_DL2_RoBERTa_mlp768_1024__all_data_ckpt\metrics.json
yelp_business,yelp_business,3,ml_3_labels_E_ML1_LogisticRegression__all_data_ckpt,config_scan,,,,,"load_model: Error(s) in loading state_dict for LogisticRegression:
	size mismatch for _weights: copying a param with shape torch.Size([3, 100]) from checkpoint, the shape in current model is torch.Size([2, 100]).
	size mismatch for _bias: copying a param with shape torch.Size([3]) from checkpoint, the shape in current model is torch.Size([2]).",D:\CAPSTONE\new\TEMP\Code\thesis\config\ml\3_labels\E_ML1_LogisticRegression.json,D:\CAPSTONE\new\TEMP\checkpoints\3-labels\all-data\E_ML1_LogisticRegression.safetensors,D:\CAPSTONE\new\TEMP\output\metrics\3label\yelp_business\ml_3_labels_E_ML1_LogisticRegression__all_data_ckpt\metrics.json
yelp_business,yelp_business,3,ml_3_labels_E_ML2_LinearSVC__all_data_ckpt,config_scan,0.346,0.17510663378823302,0.33539731682146545,0.5015480027202762,,D:\CAPSTONE\new\TEMP\Code\thesis\config\ml\3_labels\E_ML2_LinearSVC.json,D:\CAPSTONE\new\TEMP\checkpoints\3-labels\all-data\E_ML2_LinearSVC.safetensors,D:\CAPSTONE\new\TEMP\output\metrics\3label\yelp_business\ml_3_labels_E_ML2_LinearSVC__all_data_ckpt\metrics.json
yelp_business,yelp_business,3,feature_encoder_3_labels_FeatEnc_CNN__all_data_ckpt,config_scan,0.344,0.1706349206349206,0.3333333333333333,0.6079967147833235,,D:\CAPSTONE\new\TEMP\Code\thesis\config\feature_encoder\3_labels\FeatEnc_CNN.json,D:\CAPSTONE\new\TEMP\checkpoints\3-labels\all-data\FeatEnc_CNN.safetensors,D:\CAPSTONE\new\TEMP\output\metrics\3label\yelp_business\feature_encoder_3_labels_FeatEnc_CNN__all_data_ckpt\metrics.json
yelp_business,yelp_business,3,feature_encoder_3_labels_FeatEnc_FFN__all_data_ckpt,config_scan,0.344,0.1706349206349206,0.3333333333333333,0.5908234348682477,,D:\CAPSTONE\new\TEMP\Code\thesis\config\feature_encoder\3_labels\FeatEnc_FFN.json,D:\CAPSTONE\new\TEMP\checkpoints\3-labels\all-data\FeatEnc_FFN.safetensors,D:\CAPSTONE\new\TEMP\output\metrics\3label\yelp_business\feature_encoder_3_labels_FeatEnc_FFN__all_data_ckpt\metrics.json
yelp_business,yelp_business,3,feature_encoder_3_labels_FeatEnc_GRU__all_data_ckpt,config_scan,0.344,0.1706349206349206,0.3333333333333333,0.5898274397974368,,D:\CAPSTONE\new\TEMP\Code\thesis\config\feature_encoder\3_labels\FeatEnc_GRU.json,D:\CAPSTONE\new\TEMP\checkpoints\3-labels\all-data\FeatEnc_GRU.safetensors,D:\CAPSTONE\new\TEMP\output\metrics\3label\yelp_business\feature_encoder_3_labels_FeatEnc_GRU__all_data_ckpt\metrics.json
yelp_business,yelp_business,3,feature_encoder_3_labels_FeatEnc_LSTM__all_data_ckpt,config_scan,0.344,0.1706349206349206,0.3333333333333333,0.6466493191293708,,D:\CAPSTONE\new\TEMP\Code\thesis\config\feature_encoder\3_labels\FeatEnc_LSTM.json,D:\CAPSTONE\new\TEMP\checkpoints\3-labels\all-data\FeatEnc_LSTM.safetensors,D:\CAPSTONE\new\TEMP\output\metrics\3label\yelp_business\feature_encoder_3_labels_FeatEnc_LSTM__all_data_ckpt\metrics.json
yelp_business,yelp_business,3,feature_encoder_3_labels_FeatEnc_RNN__all_data_ckpt,config_scan,0.344,0.1706349206349206,0.3333333333333333,0.5726262977714934,,D:\CAPSTONE\new\TEMP\Code\thesis\config\feature_encoder\3_labels\FeatEnc_RNN.json,D:\CAPSTONE\new\TEMP\checkpoints\3-labels\all-data\FeatEnc_RNN.safetensors,D:\CAPSTONE\new\TEMP\output\metrics\3label\yelp_business\feature_encoder_3_labels_FeatEnc_RNN__all_data_ckpt\metrics.json
yelp_review,yelp_review,2,transformers_2_labels_B3_E_DL1_DistilBERT_mlp768_1024__all_data_ckpt,config_scan,0.9679633867276888,0.9527439848607732,0.958075456364091,,,D:\CAPSTONE\new\TEMP\Code\thesis\config\transformers\2_labels\B3_E_DL1_DistilBERT_mlp768_1024.json,D:\CAPSTONE\new\TEMP\checkpoints\2-labels\all-data\B3_E_DL1_DistilBERT_mlp768_1024.safetensors,D:\CAPSTONE\new\TEMP\output\metrics\2label\yelp_review\transformers_2_labels_B3_E_DL1_DistilBERT_mlp768_1024__all_data_ckpt\metrics.json
yelp_review,yelp_review,2,transformers_2_labels_B4_E_DL3_BERT_mlp768_1024__all_data_ckpt,config_scan,0.9668192219679634,0.9509622398025024,0.9553872843210802,,,D:\CAPSTONE\new\TEMP\Code\thesis\config\transformers\2_labels\B4_E_DL3_BERT_mlp768_1024.json,D:\CAPSTONE\new\TEMP\checkpoints\2-labels\all-data\B4_E_DL3_BERT_mlp768_1024.safetensors,D:\CAPSTONE\new\TEMP\output\metrics\2label\yelp_review\transformers_2_labels_B4_E_DL3_BERT_mlp768_1024__all_data_ckpt\metrics.json
yelp_review,yelp_review,2,transformers_2_labels_B5_E_DL2_RoBERTa_mlp768_1024__all_data_ckpt,config_scan,0.982837528604119,0.9743377434831375,0.9734074143535885,,,D:\CAPSTONE\new\TEMP\Code\thesis\config\transformers\2_labels\B5_E_DL2_RoBERTa_mlp768_1024.json,D:\CAPSTONE\new\TEMP\checkpoints\2-labels\all-data\B5_E_DL2_RoBERTa_mlp768_1024.safetensors,D:\CAPSTONE\new\TEMP\output\metrics\2label\yelp_review\transformers_2_labels_B5_E_DL2_RoBERTa_mlp768_1024__all_data_ckpt\metrics.json
yelp_review,yelp_review,2,ml_2_labels_E_ML1_LogisticRegression__all_data_ckpt,config_scan,0.7871853546910755,0.44046094750320103,0.5,,,D:\CAPSTONE\new\TEMP\Code\thesis\config\ml\2_labels\E_ML1_LogisticRegression.json,D:\CAPSTONE\new\TEMP\checkpoints\2-labels\all-data\E_ML1_LogisticRegression.safetensors,D:\CAPSTONE\new\TEMP\output\metrics\2label\yelp_review\ml_2_labels_E_ML1_LogisticRegression__all_data_ckpt\metrics.json
yelp_review,yelp_review,2,ml_2_labels_E_ML2_LinearSVC__all_data_ckpt,config_scan,0.2128146453089245,0.17547169811320754,0.5,,,D:\CAPSTONE\new\TEMP\Code\thesis\config\ml\2_labels\E_ML2_LinearSVC.json,D:\CAPSTONE\new\TEMP\checkpoints\2-labels\all-data\E_ML2_LinearSVC.safetensors,D:\CAPSTONE\new\TEMP\output\metrics\2label\yelp_review\ml_2_labels_E_ML2_LinearSVC__all_data_ckpt\metrics.json
yelp_review,yelp_review,2,ml_2_labels_E_ML3_DecisionTreeClassifier__all_data_ckpt,config_scan,0.7871853546910755,0.44046094750320103,0.5,,,D:\CAPSTONE\new\TEMP\Code\thesis\config\ml\2_labels\E_ML3_DecisionTreeClassifier.json,D:\CAPSTONE\new\TEMP\checkpoints\2-labels\all-data\E_ML3_DecisionTreeClassifier.safetensors,D:\CAPSTONE\new\TEMP\output\metrics\2label\yelp_review\ml_2_labels_E_ML3_DecisionTreeClassifier__all_data_ckpt\metrics.json
yelp_review,yelp_review,2,feature_encoder_2_labels_FeatEnc_CNN__all_data_ckpt,config_scan,0.7620137299771167,0.6078451675252172,0.599735871467867,,,D:\CAPSTONE\new\TEMP\Code\thesis\config\feature_encoder\2_labels\FeatEnc_CNN.json,D:\CAPSTONE\new\TEMP\checkpoints\2-labels\all-data\FeatEnc_CNN.safetensors,D:\CAPSTONE\new\TEMP\output\metrics\2label\yelp_review\feature_encoder_2_labels_FeatEnc_CNN__all_data_ckpt\metrics.json
yelp_review,yelp_review,2,feature_encoder_2_labels_FeatEnc_FFN__all_data_ckpt,config_scan,0.7620137299771167,0.6133006602681914,0.6056201550387597,,,D:\CAPSTONE\new\TEMP\Code\thesis\config\feature_encoder\2_labels\FeatEnc_FFN.json,D:\CAPSTONE\new\TEMP\checkpoints\2-labels\all-data\FeatEnc_FFN.safetensors,D:\CAPSTONE\new\TEMP\output\metrics\2label\yelp_review\feature_encoder_2_labels_FeatEnc_FFN__all_data_ckpt\metrics.json
yelp_review,yelp_review,2,feature_encoder_2_labels_FeatEnc_GRU__all_data_ckpt,config_scan,0.7871853546910755,0.44046094750320103,0.5,,,D:\CAPSTONE\new\TEMP\Code\thesis\config\feature_encoder\2_labels\FeatEnc_GRU.json,D:\CAPSTONE\new\TEMP\checkpoints\2-labels\all-data\FeatEnc_GRU.safetensors,D:\CAPSTONE\new\TEMP\output\metrics\2label\yelp_review\feature_encoder_2_labels_FeatEnc_GRU__all_data_ckpt\metrics.json
yelp_review,yelp_review,2,feature_encoder_2_labels_FeatEnc_LSTM__all_data_ckpt,config_scan,0.7871853546910755,0.44046094750320103,0.5,,,D:\CAPSTONE\new\TEMP\Code\thesis\config\feature_encoder\2_labels\FeatEnc_LSTM.json,D:\CAPSTONE\new\TEMP\checkpoints\2-labels\all-data\FeatEnc_LSTM.safetensors,D:\CAPSTONE\new\TEMP\output\metrics\2label\yelp_review\feature_encoder_2_labels_FeatEnc_LSTM__all_data_ckpt\metrics.json
yelp_review,yelp_review,2,feature_encoder_2_labels_FeatEnc_RNN__all_data_ckpt,config_scan,0.7871853546910755,0.44046094750320103,0.5,,,D:\CAPSTONE\new\TEMP\Code\thesis\config\feature_encoder\2_labels\FeatEnc_RNN.json,D:\CAPSTONE\new\TEMP\checkpoints\2-labels\all-data\FeatEnc_RNN.safetensors,D:\CAPSTONE\new\TEMP\output\metrics\2label\yelp_review\feature_encoder_2_labels_FeatEnc_RNN__all_data_ckpt\metrics.json
yelp_review,yelp_review,3,transformers_3_labels_B3_E_DL1_DistilBERT_mlp768_1024__all_data_ckpt,config_scan,0.873,0.7525693879071024,0.7411428750044654,0.9456719395377587,,D:\CAPSTONE\new\TEMP\Code\thesis\config\transformers\3_labels\B3_E_DL1_DistilBERT_mlp768_1024.json,D:\CAPSTONE\new\TEMP\checkpoints\3-labels\all-data\B3_E_DL1_DistilBERT_mlp768_1024.safetensors,D:\CAPSTONE\new\TEMP\output\metrics\3label\yelp_review\transformers_3_labels_B3_E_DL1_DistilBERT_mlp768_1024__all_data_ckpt\metrics.json
yelp_review,yelp_review,3,transformers_3_labels_B4_E_DL3_BERT_mlp768_1024__all_data_ckpt,config_scan,0.866,0.7347671752065681,0.7269463695288901,0.9470504493824067,,D:\CAPSTONE\new\TEMP\Code\thesis\config\transformers\3_labels\B4_E_DL3_BERT_mlp768_1024.json,D:\CAPSTONE\new\TEMP\checkpoints\3-labels\all-data\B4_E_DL3_BERT_mlp768_1024.safetensors,D:\CAPSTONE\new\TEMP\output\metrics\3label\yelp_review\transformers_3_labels_B4_E_DL3_BERT_mlp768_1024__all_data_ckpt\metrics.json
yelp_review,yelp_review,3,transformers_3_labels_B5_E_DL2_RoBERTa_mlp768_1024__all_data_ckpt,config_scan,0.883,0.7547521011027807,0.7312599479234888,0.9642763291874225,,D:\CAPSTONE\new\TEMP\Code\thesis\config\transformers\3_labels\B5_E_DL2_RoBERTa_mlp768_1024.json,D:\CAPSTONE\new\TEMP\checkpoints\3-labels\all-data\B5_E_DL2_RoBERTa_mlp768_1024.safetensors,D:\CAPSTONE\new\TEMP\output\metrics\3label\yelp_review\transformers_3_labels_B5_E_DL2_RoBERTa_mlp768_1024__all_data_ckpt\metrics.json
yelp_review,yelp_review,3,ml_3_labels_E_ML1_LogisticRegression__all_data_ckpt,config_scan,,,,,"load_model: Error(s) in loading state_dict for LogisticRegression:
	size mismatch for _weights: copying a param with shape torch.Size([3, 100]) from checkpoint, the shape in current model is torch.Size([2, 100]).
	size mismatch for _bias: copying a param with shape torch.Size([3]) from checkpoint, the shape in current model is torch.Size([2]).",D:\CAPSTONE\new\TEMP\Code\thesis\config\ml\3_labels\E_ML1_LogisticRegression.json,D:\CAPSTONE\new\TEMP\checkpoints\3-labels\all-data\E_ML1_LogisticRegression.safetensors,D:\CAPSTONE\new\TEMP\output\metrics\3label\yelp_review\ml_3_labels_E_ML1_LogisticRegression__all_data_ckpt\metrics.json
yelp_review,yelp_review,3,ml_3_labels_E_ML2_LinearSVC__all_data_ckpt,config_scan,0.626,0.3751498127340824,0.4092116779194799,0.5651066369605379,,D:\CAPSTONE\new\TEMP\Code\thesis\config\ml\3_labels\E_ML2_LinearSVC.json,D:\CAPSTONE\new\TEMP\checkpoints\3-labels\all-data\E_ML2_LinearSVC.safetensors,D:\CAPSTONE\new\TEMP\output\metrics\3label\yelp_review\ml_3_labels_E_ML2_LinearSVC__all_data_ckpt\metrics.json
yelp_review,yelp_review,3,feature_encoder_3_labels_FeatEnc_CNN__all_data_ckpt,config_scan,0.688,0.2717219589257504,0.3333333333333333,0.5753848441166527,,D:\CAPSTONE\new\TEMP\Code\thesis\config\feature_encoder\3_labels\FeatEnc_CNN.json,D:\CAPSTONE\new\TEMP\checkpoints\3-labels\all-data\FeatEnc_CNN.safetensors,D:\CAPSTONE\new\TEMP\output\metrics\3label\yelp_review\feature_encoder_3_labels_FeatEnc_CNN__all_data_ckpt\metrics.json
yelp_review,yelp_review,3,feature_encoder_3_labels_FeatEnc_FFN__all_data_ckpt,config_scan,0.687,0.2714878482513337,0.3328488372093023,0.582505430217774,,D:\CAPSTONE\new\TEMP\Code\thesis\config\feature_encoder\3_labels\FeatEnc_FFN.json,D:\CAPSTONE\new\TEMP\checkpoints\3-labels\all-data\FeatEnc_FFN.safetensors,D:\CAPSTONE\new\TEMP\output\metrics\3label\yelp_review\feature_encoder_3_labels_FeatEnc_FFN__all_data_ckpt\metrics.json
yelp_review,yelp_review,3,feature_encoder_3_labels_FeatEnc_GRU__all_data_ckpt,config_scan,0.688,0.2717219589257504,0.3333333333333333,0.5404057932452697,,D:\CAPSTONE\new\TEMP\Code\thesis\config\feature_encoder\3_labels\FeatEnc_GRU.json,D:\CAPSTONE\new\TEMP\checkpoints\3-labels\all-data\FeatEnc_GRU.safetensors,D:\CAPSTONE\new\TEMP\output\metrics\3label\yelp_review\feature_encoder_3_labels_FeatEnc_GRU__all_data_ckpt\metrics.json
yelp_review,yelp_review,3,feature_encoder_3_labels_FeatEnc_LSTM__all_data_ckpt,config_scan,0.688,0.2717219589257504,0.3333333333333333,0.4888387433674495,,D:\CAPSTONE\new\TEMP\Code\thesis\config\feature_encoder\3_labels\FeatEnc_LSTM.json,D:\CAPSTONE\new\TEMP\checkpoints\3-labels\all-data\FeatEnc_LSTM.safetensors,D:\CAPSTONE\new\TEMP\output\metrics\3label\yelp_review\feature_encoder_3_labels_FeatEnc_LSTM__all_data_ckpt\metrics.json
yelp_review,yelp_review,3,feature_encoder_3_labels_FeatEnc_RNN__all_data_ckpt,config_scan,0.688,0.2717219589257504,0.3333333333333333,0.4758293518256343,,D:\CAPSTONE\new\TEMP\Code\thesis\config\feature_encoder\3_labels\FeatEnc_RNN.json,D:\CAPSTONE\new\TEMP\checkpoints\3-labels\all-data\FeatEnc_RNN.safetensors,D:\CAPSTONE\new\TEMP\output\metrics\3label\yelp_review\feature_encoder_3_labels_FeatEnc_RNN__all_data_ckpt\metrics.json
