embed_dim,hidden_size,json_top_keys,kind,list_item_keys,list_length,model_class,model_name,mtime_iso,n_classes,relative_path,tokenizer_name,top_keys
,,"[""_comment"", ""B11StackedCNNLSTMGeLUHeadDDP""]",model_config,,,,,2026-04-04T02:06:50+00:00,,Code\thesis\config\b11_cnn_lstm_stack\2_labels\B11_CNN_LSTM_stack.json,,"[""_comment"", ""B11StackedCNNLSTMGeLUHeadDDP""]"
,,"[""_comment"", ""B11StackedCNNLSTMGeLUHeadDDP""]",model_config,,,,,2026-04-04T02:06:52+00:00,,Code\thesis\config\b11_cnn_lstm_stack\3_labels\B11_CNN_LSTM_stack.json,,"[""_comment"", ""B11StackedCNNLSTMGeLUHeadDDP""]"
,,"[""CNNetworks""]",model_config,,,CNNetworks,,2026-03-30T05:59:40+00:00,,Code\thesis\config\cnn\2_labels\B9_CNN_Text.json,,
,,"[""CNNetworks""]",model_config,,,CNNetworks,,2026-03-30T05:59:40+00:00,,Code\thesis\config\cnn\3_labels\B9_CNN_Text.json,,
,,"[""FeatureEncoderClassifier""]",model_config,,,FeatureEncoderClassifier,,2026-03-30T05:59:40+00:00,,Code\thesis\config\feature_encoder\2_labels\FeatEnc_CNN.json,,
,,"[""FeatureEncoderClassifier""]",model_config,,,FeatureEncoderClassifier,,2026-03-30T05:59:40+00:00,,Code\thesis\config\feature_encoder\2_labels\FeatEnc_FFN.json,,
,,"[""FeatureEncoderClassifier""]",model_config,,,FeatureEncoderClassifier,,2026-03-30T05:59:40+00:00,,Code\thesis\config\feature_encoder\2_labels\FeatEnc_GRU.json,,
,,"[""FeatureEncoderClassifier""]",model_config,,,FeatureEncoderClassifier,,2026-03-30T05:59:40+00:00,,Code\thesis\config\feature_encoder\2_labels\FeatEnc_LSTM.json,,
,,"[""FeatureEncoderClassifier""]",model_config,,,FeatureEncoderClassifier,,2026-03-30T05:59:40+00:00,,Code\thesis\config\feature_encoder\2_labels\FeatEnc_RNN.json,,
,,"[""FeatureEncoderClassifier""]",model_config,,,FeatureEncoderClassifier,,2026-03-30T05:59:40+00:00,,Code\thesis\config\feature_encoder\3_labels\FeatEnc_CNN.json,,
,,"[""FeatureEncoderClassifier""]",model_config,,,FeatureEncoderClassifier,,2026-03-30T05:59:40+00:00,,Code\thesis\config\feature_encoder\3_labels\FeatEnc_FFN.json,,
,,"[""FeatureEncoderClassifier""]",model_config,,,FeatureEncoderClassifier,,2026-03-30T05:59:40+00:00,,Code\thesis\config\feature_encoder\3_labels\FeatEnc_GRU.json,,
,,"[""FeatureEncoderClassifier""]",model_config,,,FeatureEncoderClassifier,,2026-03-30T05:59:40+00:00,,Code\thesis\config\feature_encoder\3_labels\FeatEnc_LSTM.json,,
,,"[""FeatureEncoderClassifier""]",model_config,,,FeatureEncoderClassifier,,2026-03-30T05:59:40+00:00,,Code\thesis\config\feature_encoder\3_labels\FeatEnc_RNN.json,,
,,"[""HierarchicalReasoningModel""]",model_config,,,HierarchicalReasoningModel,,2026-03-30T05:59:38+00:00,,Code\thesis\config\hrm\E_HRM1_4Level.json,,
,,"[""HierarchicalReasoningModel""]",model_config,,,HierarchicalReasoningModel,,2026-04-01T01:53:38+00:00,,Code\thesis\config\hrm\E_HRM1_4Level_ft_mlp_2label.json,,
,,"[""HierarchicalReasoningModel""]",model_config,,,HierarchicalReasoningModel,,2026-04-01T01:53:38+00:00,,Code\thesis\config\hrm\E_HRM1_4Level_ft_mlp_3label.json,,
,,"[""LogisticRegression""]",model_config,,,LogisticRegression,,2026-03-30T05:59:40+00:00,,Code\thesis\config\ml\2_labels\E_ML1_LogisticRegression.json,,
,,"[""LinearSVC""]",model_config,,,LinearSVC,,2026-03-30T05:59:40+00:00,,Code\thesis\config\ml\2_labels\E_ML2_LinearSVC.json,,
,,"[""DecisionTreeClassifier""]",model_config,,,DecisionTreeClassifier,,2026-04-04T11:49:40+00:00,,Code\thesis\config\ml\2_labels\E_ML3_DecisionTreeClassifier.json,,
,,"[""RandomForestClassifier""]",model_config,,,RandomForestClassifier,,2026-04-04T11:49:40+00:00,,Code\thesis\config\ml\2_labels\E_ML4_RandomForestClassifier.json,,
,,"[""LogisticRegression""]",model_config,,,LogisticRegression,,2026-03-30T05:59:40+00:00,,Code\thesis\config\ml\3_labels\E_ML1_LogisticRegression.json,,
,,"[""LinearSVC""]",model_config,,,LinearSVC,,2026-03-30T05:59:40+00:00,,Code\thesis\config\ml\3_labels\E_ML2_LinearSVC.json,,
,,"[""DecisionTreeClassifier""]",model_config,,,DecisionTreeClassifier,,2026-04-04T11:49:40+00:00,,Code\thesis\config\ml\3_labels\E_ML3_DecisionTreeClassifier.json,,
,,"[""RandomForestClassifier""]",model_config,,,RandomForestClassifier,,2026-04-04T11:49:54+00:00,,Code\thesis\config\ml\3_labels\E_ML4_RandomForestClassifier.json,,
,,"[""_ml_queue_track"", ""_ml_queue_n_labels"", ""_ml_queue_description""]",model_config,,,,,2026-04-03T19:08:18+00:00,,Code\thesis\config\ml_queue\track_b_2_labels.json,,"[""_ml_queue_track"", ""_ml_queue_n_labels"", ""_ml_queue_description""]"
,,"[""_ml_queue_track"", ""_ml_queue_n_labels"", ""_ml_queue_description""]",model_config,,,,,2026-04-03T19:08:18+00:00,,Code\thesis\config\ml_queue\track_b_3_labels.json,,"[""_ml_queue_track"", ""_ml_queue_n_labels"", ""_ml_queue_description""]"
,,"[""_ml_queue_track"", ""_ml_queue_n_labels"", ""_ml_queue_description""]",model_config,,,,,2026-04-03T19:08:18+00:00,,Code\thesis\config\ml_queue\track_c_2_labels.json,,"[""_ml_queue_track"", ""_ml_queue_n_labels"", ""_ml_queue_description""]"
,,"[""_ml_queue_track"", ""_ml_queue_n_labels"", ""_ml_queue_description""]",model_config,,,,,2026-04-03T19:08:22+00:00,,Code\thesis\config\ml_queue\track_c_3_labels.json,,"[""_ml_queue_track"", ""_ml_queue_n_labels"", ""_ml_queue_description""]"
,,"[""_comment"", ""FrozenPretrainGeLUHeadDDP""]",model_config,,,,,2026-04-04T02:03:24+00:00,,Code\thesis\config\mlp_gelu_head_ddp\2_labels\FeatEnc_CNN.json,,"[""_comment"", ""FrozenPretrainGeLUHeadDDP""]"
,,"[""_comment"", ""FrozenPretrainGeLUHeadDDP""]",model_config,,,,,2026-04-04T02:03:24+00:00,,Code\thesis\config\mlp_gelu_head_ddp\2_labels\FeatEnc_FFN.json,,"[""_comment"", ""FrozenPretrainGeLUHeadDDP""]"
,,"[""_comment"", ""FrozenPretrainGeLUHeadDDP""]",model_config,,,,,2026-04-04T02:03:24+00:00,,Code\thesis\config\mlp_gelu_head_ddp\2_labels\FeatEnc_GRU.json,,"[""_comment"", ""FrozenPretrainGeLUHeadDDP""]"
,,"[""_comment"", ""FrozenPretrainGeLUHeadDDP""]",model_config,,,,,2026-04-04T02:03:24+00:00,,Code\thesis\config\mlp_gelu_head_ddp\2_labels\FeatEnc_LSTM.json,,"[""_comment"", ""FrozenPretrainGeLUHeadDDP""]"
,,"[""_comment"", ""FrozenPretrainGeLUHeadDDP""]",model_config,,,,,2026-04-04T02:03:24+00:00,,Code\thesis\config\mlp_gelu_head_ddp\2_labels\FeatEnc_RNN.json,,"[""_comment"", ""FrozenPretrainGeLUHeadDDP""]"
,,"[""_comment"", ""FrozenPretrainGeLUHeadDDP""]",model_config,,,,,2026-04-04T02:03:24+00:00,,Code\thesis\config\mlp_gelu_head_ddp\3_labels\FeatEnc_CNN.json,,"[""_comment"", ""FrozenPretrainGeLUHeadDDP""]"
,,"[""_comment"", ""FrozenPretrainGeLUHeadDDP""]",model_config,,,,,2026-04-04T02:03:24+00:00,,Code\thesis\config\mlp_gelu_head_ddp\3_labels\FeatEnc_FFN.json,,"[""_comment"", ""FrozenPretrainGeLUHeadDDP""]"
,,"[""_comment"", ""FrozenPretrainGeLUHeadDDP""]",model_config,,,,,2026-04-04T02:03:24+00:00,,Code\thesis\config\mlp_gelu_head_ddp\3_labels\FeatEnc_GRU.json,,"[""_comment"", ""FrozenPretrainGeLUHeadDDP""]"
,,"[""_comment"", ""FrozenPretrainGeLUHeadDDP""]",model_config,,,,,2026-04-04T02:03:24+00:00,,Code\thesis\config\mlp_gelu_head_ddp\3_labels\FeatEnc_LSTM.json,,"[""_comment"", ""FrozenPretrainGeLUHeadDDP""]"
,,"[""_comment"", ""FrozenPretrainGeLUHeadDDP""]",model_config,,,,,2026-04-04T02:03:24+00:00,,Code\thesis\config\mlp_gelu_head_ddp\3_labels\FeatEnc_RNN.json,,"[""_comment"", ""FrozenPretrainGeLUHeadDDP""]"
,,list[2],model_config,"[""name"", ""config"", ""checkpoint"", ""modality""]",2,,,2026-03-30T05:59:38+00:00,,Code\thesis\config\moe\example_experts.json,,
,,,moe_manifest,"[""name"", ""config"", ""checkpoint"", ""modality""]",5,,,2026-04-04T16:05:46+00:00,,Code\thesis\config\moe\experts_all_data_2label.json,,
,,,moe_manifest,"[""name"", ""config"", ""checkpoint"", ""modality""]",2,,,2026-04-04T16:05:44+00:00,,Code\thesis\config\moe\experts_all_data_2label_with_distilbert.json,,
,,,moe_manifest,"[""name"", ""config"", ""checkpoint"", ""modality""]",5,,,2026-04-04T16:05:48+00:00,,Code\thesis\config\moe\experts_all_data_3label.json,,
,,,moe_manifest,"[""name"", ""config"", ""checkpoint"", ""modality""]",2,,,2026-04-04T16:05:44+00:00,,Code\thesis\config\moe\experts_all_data_3label_with_distilbert.json,,
,,,moe_manifest,"[""name"", ""config"", ""checkpoint"", ""modality""]",2,,,2026-04-04T16:12:44+00:00,,Code\thesis\config\moe\experts_smoke_2label.json,,
,,,moe_manifest,"[""name"", ""config"", ""checkpoint"", ""modality""]",2,,,2026-04-04T16:12:44+00:00,,Code\thesis\config\moe\experts_smoke_3label.json,,
,,"[""FeaturePretrainAutoencoder""]",model_config,,,FeaturePretrainAutoencoder,,2026-03-30T05:59:40+00:00,,Code\thesis\config\pretrain\2_labels\Pretrain_CNN.json,,
,,"[""FeaturePretrainAutoencoder""]",model_config,,,FeaturePretrainAutoencoder,,2026-03-30T05:59:40+00:00,,Code\thesis\config\pretrain\2_labels\Pretrain_FFN.json,,
,,"[""FeaturePretrainAutoencoder""]",model_config,,,FeaturePretrainAutoencoder,,2026-03-30T05:59:40+00:00,,Code\thesis\config\pretrain\2_labels\Pretrain_GRU.json,,
,,"[""FeaturePretrainAutoencoder""]",model_config,,,FeaturePretrainAutoencoder,,2026-03-30T05:59:40+00:00,,Code\thesis\config\pretrain\2_labels\Pretrain_LSTM.json,,
,,"[""FeaturePretrainAutoencoder""]",model_config,,,FeaturePretrainAutoencoder,,2026-03-30T05:59:40+00:00,,Code\thesis\config\pretrain\2_labels\Pretrain_RNN.json,,
,420,"[""LSTMModule""]",model_config,,,LSTMModule,,2026-03-30T05:59:40+00:00,,Code\thesis\config\rnn\2_labels\B10_LSTM.json,,
,,"[""CNNetworks""]",model_config,,,CNNetworks,,2026-03-30T05:59:40+00:00,,Code\thesis\config\rnn\2_labels\B11_CNN_LSTM_v1.json,,
,375,"[""LSTMModule""]",model_config,,,LSTMModule,,2026-03-30T05:59:40+00:00,,Code\thesis\config\rnn\2_labels\B7_BiLSTM.json,,
,275,"[""GRUModule""]",model_config,,,GRUModule,,2026-03-30T05:59:40+00:00,,Code\thesis\config\rnn\2_labels\B8_GRU.json,,
,420,"[""LSTMModule""]",model_config,,,LSTMModule,,2026-03-30T05:59:40+00:00,,Code\thesis\config\rnn\3_labels\B10_LSTM.json,,
,,"[""CNNetworks""]",model_config,,,CNNetworks,,2026-03-30T05:59:40+00:00,,Code\thesis\config\rnn\3_labels\B11_CNN_LSTM_v1.json,,
,375,"[""LSTMModule""]",model_config,,,LSTMModule,,2026-03-30T05:59:40+00:00,,Code\thesis\config\rnn\3_labels\B7_BiLSTM.json,,
,275,"[""GRUModule""]",model_config,,,GRUModule,,2026-03-30T05:59:40+00:00,,Code\thesis\config\rnn\3_labels\B8_GRU.json,,
768,,"[""LLMModule""]",model_config,,,LLMModule,distilbert-base-uncased,2026-04-04T01:03:32+00:00,2,Code\thesis\config\transformers\2_labels\B3_E_DL1_DistilBERT.json,distilbert-base-uncased,
768,,"[""LLMModule""]",model_config,,,LLMModule,distilbert-base-uncased,2026-04-02T12:11:32+00:00,2,Code\thesis\config\transformers\2_labels\B3_E_DL1_DistilBERT_mlp768_1024.json,distilbert-base-uncased,
768,,"[""LLMModule""]",model_config,,,LLMModule,google-bert/bert-base-uncased,2026-04-04T01:03:34+00:00,2,Code\thesis\config\transformers\2_labels\B4_E_DL3_BERT.json,google-bert/bert-base-uncased,
768,,"[""LLMModule""]",model_config,,,LLMModule,google-bert/bert-base-uncased,2026-04-02T12:11:34+00:00,2,Code\thesis\config\transformers\2_labels\B4_E_DL3_BERT_mlp768_1024.json,google-bert/bert-base-uncased,
768,,"[""LLMModule""]",model_config,,,LLMModule,roberta-base,2026-04-04T01:03:34+00:00,2,Code\thesis\config\transformers\2_labels\B5_E_DL2_RoBERTa.json,roberta-base,
768,,"[""LLMModule""]",model_config,,,LLMModule,roberta-base,2026-04-02T12:11:38+00:00,2,Code\thesis\config\transformers\2_labels\B5_E_DL2_RoBERTa_mlp768_1024.json,roberta-base,
768,,"[""LLMModule""]",model_config,,,LLMModule,facebook/bart-base,2026-04-04T01:03:36+00:00,2,Code\thesis\config\transformers\2_labels\B6_BART.json,facebook/bart-base,
768,,"[""LLMModule""]",model_config,,,LLMModule,facebook/bart-base,2026-04-02T12:11:42+00:00,2,Code\thesis\config\transformers\2_labels\B6_BART_mlp768_1024.json,facebook/bart-base,
768,,"[""LLMModule""]",model_config,,,LLMModule,distilbert-base-uncased,2026-04-04T01:03:32+00:00,3,Code\thesis\config\transformers\3_labels\B3_E_DL1_DistilBERT.json,distilbert-base-uncased,
768,,"[""LLMModule""]",model_config,,,LLMModule,distilbert-base-uncased,2026-04-02T12:11:32+00:00,3,Code\thesis\config\transformers\3_labels\B3_E_DL1_DistilBERT_mlp768_1024.json,distilbert-base-uncased,
768,,"[""LLMModule""]",model_config,,,LLMModule,google-bert/bert-base-uncased,2026-04-04T01:03:36+00:00,3,Code\thesis\config\transformers\3_labels\B4_E_DL3_BERT.json,google-bert/bert-base-uncased,
768,,"[""LLMModule""]",model_config,,,LLMModule,google-bert/bert-base-uncased,2026-04-02T12:11:36+00:00,3,Code\thesis\config\transformers\3_labels\B4_E_DL3_BERT_mlp768_1024.json,google-bert/bert-base-uncased,
768,,"[""LLMModule""]",model_config,,,LLMModule,roberta-base,2026-04-04T01:03:36+00:00,3,Code\thesis\config\transformers\3_labels\B5_E_DL2_RoBERTa.json,roberta-base,
768,,"[""LLMModule""]",model_config,,,LLMModule,roberta-base,2026-04-02T12:11:40+00:00,3,Code\thesis\config\transformers\3_labels\B5_E_DL2_RoBERTa_mlp768_1024.json,roberta-base,
768,,"[""LLMModule""]",model_config,,,LLMModule,facebook/bart-base,2026-04-04T01:03:38+00:00,3,Code\thesis\config\transformers\3_labels\B6_BART.json,facebook/bart-base,
768,,"[""LLMModule""]",model_config,,,LLMModule,facebook/bart-base,2026-04-02T12:11:42+00:00,3,Code\thesis\config\transformers\3_labels\B6_BART_mlp768_1024.json,facebook/bart-base,
